x-axis,1,2
second,Volt,Volt
-500.0000E-03,-2.9546168E+00,-3.0098932E+00
-499.5000E-03,-3.1505967E+00,-3.1556218E+00
-499.0000E-03,-1.7234610E+00,-1.8591394E+00
-498.5000E-03,-3.1505967E+00,-3.1505967E+00
-498.0000E-03,-1.3921168E+00,-1.5428706E+00
-497.5000E-03,-3.1455716E+00,-3.1455716E+00
-497.0000E-03,-2.4674937E+00,-2.5830716E+00
-496.5000E-03,-3.1408605E+00,-3.1455716E+00
-496.0000E-03,-3.1559359E+00,-3.1559359E+00
-495.5000E-03,-3.1455716E+00,-3.1455716E+00
-495.0000E-03,-3.1556218E+00,-3.1556218E+00
-494.5000E-03,-2.7485867E+00,-2.8390389E+00
-494.0000E-03,-3.1505967E+00,-3.1556218E+00
-493.5000E-03,-1.4722048E+00,-1.6179334E+00
-493.0000E-03,-3.1505967E+00,-3.1505967E+00
-492.5000E-03,-1.5026696E+00,-1.6433731E+00
-492.0000E-03,-3.1455716E+00,-3.1455716E+00
-491.5000E-03,-2.6885992E+00,-2.7891017E+00
-491.0000E-03,-3.1458856E+00,-3.1458856E+00
-490.5000E-03,-3.1656721E+00,-3.1656721E+00
-490.0000E-03,-3.1505967E+00,-3.1505967E+00
-489.5000E-03,-3.1606470E+00,-3.1606470E+00
-489.0000E-03,-2.6279836E+00,-2.7335113E+00
-488.5000E-03,-3.1556218E+00,-3.1556218E+00
-488.0000E-03,-1.4018530E+00,-1.5428706E+00
-487.5000E-03,-3.1556218E+00,-3.1505967E+00
-487.0000E-03,-1.5076947E+00,-1.6483982E+00
-486.5000E-03,-3.1455716E+00,-3.1455716E+00
-486.0000E-03,-2.6634736E+00,-2.7639761E+00
-485.5000E-03,-3.1455716E+00,-3.1458856E+00
-485.0000E-03,-3.1606470E+00,-3.1606470E+00
-484.5000E-03,-3.1505967E+00,-3.1505967E+00
-484.0000E-03,-3.1606470E+00,-3.1606470E+00
-483.5000E-03,-2.6380339E+00,-2.7385364E+00
-483.0000E-03,-3.1556218E+00,-3.1556218E+00
-482.5000E-03,-1.3968279E+00,-1.5425565E+00
-482.0000E-03,-3.1505967E+00,-3.1556218E+00
-481.5000E-03,-1.4926193E+00,-1.6333228E+00
-481.0000E-03,-3.1455716E+00,-3.1455716E+00
-480.5000E-03,-2.6433731E+00,-2.7489007E+00
-480.0000E-03,-3.1458856E+00,-3.1455716E+00
-479.5000E-03,-3.1606470E+00,-3.1606470E+00
-479.0000E-03,-3.1505967E+00,-3.1505967E+00
-478.5000E-03,-3.1606470E+00,-3.1606470E+00
-478.0000E-03,-2.6581344E+00,-2.7536118E+00
-477.5000E-03,-3.1556218E+00,-3.1556218E+00
-477.0000E-03,-1.4169284E+00,-1.5626570E+00
-476.5000E-03,-3.1505967E+00,-3.1505967E+00
-476.0000E-03,-1.4674937E+00,-1.6132223E+00
-475.5000E-03,-3.1455716E+00,-3.1455716E+00
-475.0000E-03,-2.6282977E+00,-2.7338253E+00
-474.5000E-03,-3.1458856E+00,-3.1458856E+00
-474.0000E-03,-3.1606470E+00,-3.1656721E+00
-473.5000E-03,-3.1455716E+00,-3.1505967E+00
-473.0000E-03,-3.1606470E+00,-3.1606470E+00
-472.5000E-03,-2.6732098E+00,-2.7737123E+00
-472.0000E-03,-3.1556218E+00,-3.1556218E+00
-471.5000E-03,-1.4370289E+00,-1.5827575E+00
-471.0000E-03,-3.1505967E+00,-3.1505967E+00
-470.5000E-03,-1.4524183E+00,-1.5931218E+00
-470.0000E-03,-3.1455716E+00,-3.1455716E+00
-469.5000E-03,-2.6031721E+00,-2.7137248E+00
-469.0000E-03,-3.1455716E+00,-3.1458856E+00
-468.5000E-03,-3.1606470E+00,-3.1606470E+00
-468.0000E-03,-3.1455716E+00,-3.1505967E+00
-467.5000E-03,-3.1556218E+00,-3.1556218E+00
-467.0000E-03,-2.6933103E+00,-2.7887877E+00
-466.5000E-03,-3.1556218E+00,-3.1556218E+00
-466.0000E-03,-1.4571294E+00,-1.6028580E+00
-465.5000E-03,-3.1505967E+00,-3.1505967E+00
-465.0000E-03,-1.4323178E+00,-1.5730213E+00
-464.5000E-03,-3.1455716E+00,-3.1455716E+00
-464.0000E-03,-2.5830716E+00,-2.6936243E+00
-463.5000E-03,-3.1408605E+00,-3.1455716E+00
-463.0000E-03,-3.1606470E+00,-3.1606470E+00
-462.5000E-03,-3.1505967E+00,-3.1505967E+00
-462.0000E-03,-3.1606470E+00,-3.1606470E+00
-461.5000E-03,-2.7234610E+00,-2.8139133E+00
-461.0000E-03,-3.1556218E+00,-3.1556218E+00
-460.5000E-03,-1.4872801E+00,-1.6279837E+00
-460.0000E-03,-3.1505967E+00,-3.1505967E+00
-459.5000E-03,-1.4021671E+00,-1.5478957E+00
-459.0000E-03,-3.1455716E+00,-3.1455716E+00
-458.5000E-03,-2.5629711E+00,-2.6735238E+00
-458.0000E-03,-3.1458856E+00,-3.1458856E+00
-457.5000E-03,-3.1609610E+00,-3.1606470E+00
-457.0000E-03,-3.1455716E+00,-3.1505967E+00
-456.5000E-03,-3.1606470E+00,-3.1606470E+00
-456.0000E-03,-2.7485867E+00,-2.8340138E+00
-455.5000E-03,-3.1556218E+00,-3.1556218E+00
-455.0000E-03,-1.5124058E+00,-1.6531093E+00
-454.5000E-03,-3.1505967E+00,-3.1505967E+00
-454.0000E-03,-1.3770414E+00,-1.5277952E+00
-453.5000E-03,-3.1455716E+00,-3.1455716E+00
-453.0000E-03,-2.5378455E+00,-2.6534233E+00
-452.5000E-03,-3.1408605E+00,-3.1455716E+00
-452.0000E-03,-3.1559359E+00,-3.1606470E+00
-451.5000E-03,-3.1455716E+00,-3.1455716E+00
-451.0000E-03,-3.1606470E+00,-3.1606470E+00
-450.5000E-03,-2.7636620E+00,-2.8541143E+00
-450.0000E-03,-3.1556218E+00,-3.1556218E+00
-449.5000E-03,-1.5375314E+00,-1.6782349E+00
-449.0000E-03,-3.1505967E+00,-3.1505967E+00
-448.5000E-03,-1.3619661E+00,-1.5076947E+00
-448.0000E-03,-3.1455716E+00,-3.1455716E+00
-447.5000E-03,-2.5177449E+00,-2.6333228E+00
-447.0000E-03,-3.1455716E+00,-3.1458856E+00
-446.5000E-03,-3.1559359E+00,-3.1559359E+00
-446.0000E-03,-3.1455716E+00,-3.1455716E+00
-445.5000E-03,-3.1606470E+00,-3.1606470E+00
-445.0000E-03,-2.7938128E+00,-2.8742148E+00
-444.5000E-03,-3.1556218E+00,-3.1556218E+00
-444.0000E-03,-1.5626570E+00,-1.6983354E+00
-443.5000E-03,-3.1505967E+00,-3.1505967E+00
-443.0000E-03,-1.3569409E+00,-1.5227701E+00
-442.5000E-03,-3.1455716E+00,-3.1455716E+00
-442.0000E-03,-2.4976444E+00,-2.6081972E+00
-441.5000E-03,-3.1455716E+00,-3.1458856E+00
-441.0000E-03,-3.1559359E+00,-3.1606470E+00
-440.5000E-03,-3.1455716E+00,-3.1505967E+00
-440.0000E-03,-3.1606470E+00,-3.1606470E+00
-439.5000E-03,-2.8088882E+00,-2.8892902E+00
-439.0000E-03,-3.1556218E+00,-3.1556218E+00
-438.5000E-03,-1.5827575E+00,-1.7234610E+00
-438.0000E-03,-3.1505967E+00,-3.1556218E+00
-437.5000E-03,-1.4473932E+00,-1.6132223E+00
-437.0000E-03,-3.1455716E+00,-3.1455716E+00
-436.5000E-03,-2.4725188E+00,-2.5880967E+00
-436.0000E-03,-3.1408605E+00,-3.1455716E+00
-435.5000E-03,-3.1559359E+00,-3.1606470E+00
-435.0000E-03,-3.1455716E+00,-3.1505967E+00
-434.5000E-03,-3.1606470E+00,-3.1606470E+00
-434.0000E-03,-2.8289887E+00,-2.9093907E+00
-433.5000E-03,-3.1556218E+00,-3.1556218E+00
-433.0000E-03,-1.6078831E+00,-1.7485867E+00
-432.5000E-03,-3.1505967E+00,-3.1505967E+00
-432.0000E-03,-1.4373429E+00,-1.5981470E+00
-431.5000E-03,-3.1455716E+00,-3.1455716E+00
-431.0000E-03,-2.4524183E+00,-2.5679962E+00
-430.5000E-03,-3.1455716E+00,-3.1458856E+00
-430.0000E-03,-3.1559359E+00,-3.1559359E+00
-429.5000E-03,-3.1455716E+00,-3.1505967E+00
-429.0000E-03,-3.1606470E+00,-3.1606470E+00
-428.5000E-03,-2.8541143E+00,-2.9294912E+00
-428.0000E-03,-3.1556218E+00,-3.1556218E+00
-427.5000E-03,-1.6380339E+00,-1.7787374E+00
-427.0000E-03,-3.1505967E+00,-3.1556218E+00
-426.5000E-03,-1.4122173E+00,-1.5730213E+00
-426.0000E-03,-3.1455716E+00,-3.1505967E+00
-425.5000E-03,-2.4222676E+00,-2.5428706E+00
-425.0000E-03,-3.1455716E+00,-3.1458856E+00
-424.5000E-03,-3.1509108E+00,-3.1609610E+00
-424.0000E-03,-3.1455716E+00,-3.1505967E+00
-423.5000E-03,-3.1556218E+00,-3.1556218E+00
-423.0000E-03,-2.8490892E+00,-2.9244660E+00
-422.5000E-03,-3.1505967E+00,-3.1556218E+00
-422.0000E-03,-1.5877826E+00,-1.7284862E+00
-421.5000E-03,-3.1505967E+00,-3.1505967E+00
-421.0000E-03,-1.3921168E+00,-1.5428706E+00
-420.5000E-03,-3.1455716E+00,-3.1455716E+00
-420.0000E-03,-2.6031721E+00,-2.7086997E+00
-419.5000E-03,-3.1408605E+00,-3.1455716E+00
-419.0000E-03,-3.1556218E+00,-3.1556218E+00
-418.5000E-03,-3.1455716E+00,-3.1455716E+00
-418.0000E-03,-3.1556218E+00,-3.1556218E+00
-417.5000E-03,-2.6179334E+00,-2.7234610E+00
-417.0000E-03,-3.1505967E+00,-3.1556218E+00
-416.5000E-03,-1.3468907E+00,-1.4926193E+00
-416.0000E-03,-3.1455716E+00,-3.1505967E+00
-415.5000E-03,-1.6433731E+00,-1.7790515E+00
-415.0000E-03,-3.1405464E+00,-3.1455716E+00
-414.5000E-03,-2.8142274E+00,-2.9046796E+00
-414.0000E-03,-3.1408605E+00,-3.1455716E+00
-413.5000E-03,-3.1556218E+00,-3.1556218E+00
-413.0000E-03,-3.1405464E+00,-3.1455716E+00
-412.5000E-03,-3.1505967E+00,-3.1556218E+00
-412.0000E-03,-2.3516017E+00,-2.4671796E+00
-411.5000E-03,-3.1505967E+00,-3.1505967E+00
-411.0000E-03,-1.2916143E+00,-1.4373429E+00
-410.5000E-03,-3.1455716E+00,-3.1505967E+00
-410.0000E-03,-1.8896043E+00,-2.0202575E+00
-409.5000E-03,-3.1405464E+00,-3.1405464E+00
-409.0000E-03,-2.9850816E+00,-3.0403580E+00
-408.5000E-03,-3.1455716E+00,-3.1455716E+00
-408.0000E-03,-3.1606470E+00,-3.1556218E+00
-407.5000E-03,-3.1103957E+00,-3.1304962E+00
-407.0000E-03,-3.1505967E+00,-3.1556218E+00
-406.5000E-03,-2.0902952E+00,-2.2159233E+00
-406.0000E-03,-3.1505967E+00,-3.1505967E+00
-405.5000E-03,-1.2363379E+00,-1.3820666E+00
-405.0000E-03,-3.1505967E+00,-3.1505967E+00
-404.5000E-03,-2.1308103E+00,-2.2564384E+00
-404.0000E-03,-3.1405464E+00,-3.1408605E+00
-403.5000E-03,-3.0956344E+00,-3.1257851E+00
-403.0000E-03,-3.1455716E+00,-3.1455716E+00
-402.5000E-03,-3.1556218E+00,-3.1606470E+00
-402.0000E-03,-3.0149183E+00,-3.0601444E+00
-401.5000E-03,-3.1505967E+00,-3.1556218E+00
-401.0000E-03,-1.8340138E+00,-1.9646671E+00
-400.5000E-03,-3.1505967E+00,-3.1505967E+00
-400.0000E-03,-1.3217651E+00,-1.3066897E+00
-399.5000E-03,-3.1455716E+00,-3.1455716E+00
-399.0000E-03,-2.3368404E+00,+2.1304962E+00
-398.5000E-03,-3.1408605E+00,+2.0252826E+00
-398.0000E-03,-3.1408605E+00,+3.9043655E+00
-397.5000E-03,-3.1455716E+00,+3.4473932E+00
-397.0000E-03,-3.1606470E+00,+3.4320037E+00
-396.5000E-03,-2.9445666E+00,+3.9194409E+00
-396.0000E-03,-3.1556218E+00,+2.5224560E+00
-395.5000E-03,-1.7636620E+00,+3.9144158E+00
-395.0000E-03,-3.1505967E+00,+1.6882852E+00
-394.5000E-03,-1.3468907E+00,+3.8996545E+00
-394.0000E-03,-3.1455716E+00,+959.9560E-03
-393.5000E-03,-2.3217651E+00,+3.9046796E+00
-393.0000E-03,-3.1408605E+00,+2.0001570E+00
-392.5000E-03,-3.1358354E+00,+3.9043655E+00
-392.0000E-03,-3.1455716E+00,+3.4222676E+00
-391.5000E-03,-3.1606470E+00,+3.4420540E+00
-391.0000E-03,-2.9495917E+00,+3.9144158E+00
-390.5000E-03,-3.1556218E+00,+2.5274811E+00
-390.0000E-03,-1.7686872E+00,+3.9093907E+00
-389.5000E-03,-3.1505967E+00,+1.6882852E+00
-389.0000E-03,-1.3368404E+00,+3.8946294E+00
-388.5000E-03,-3.1455716E+00,+959.9560E-03
-388.0000E-03,-2.3066897E+00,+3.9043655E+00
-387.5000E-03,-3.1408605E+00,+1.9750314E+00
-387.0000E-03,-3.1358354E+00,+3.9043655E+00
-386.5000E-03,-3.1455716E+00,+3.4122173E+00
-386.0000E-03,-3.1656721E+00,+3.4571294E+00
-385.5000E-03,-2.9596419E+00,+3.9144158E+00
-385.0000E-03,-3.1556218E+00,+2.5375314E+00
-384.5000E-03,-1.7837625E+00,+3.9093907E+00
-384.0000E-03,-3.1505967E+00,+1.6983354E+00
-383.5000E-03,-1.3217651E+00,+3.8946294E+00
-383.0000E-03,-3.1455716E+00,+964.9811E-03
-382.5000E-03,-2.2916143E+00,+3.8996545E+00
-382.0000E-03,-3.1408605E+00,+1.9499058E+00
-381.5000E-03,-3.1308103E+00,+3.8993404E+00
-381.0000E-03,-3.1455716E+00,+3.3870917E+00
-380.5000E-03,-3.1656721E+00,+3.4722047E+00
-380.0000E-03,-2.9696922E+00,+3.9144158E+00
-379.5000E-03,-3.1556218E+00,+2.5475816E+00
-379.0000E-03,-1.7988379E+00,+3.9093907E+00
-378.5000E-03,-3.1505967E+00,+1.7083857E+00
-378.0000E-03,-1.3167399E+00,+3.8946294E+00
-377.5000E-03,-3.1455716E+00,+964.9811E-03
-377.0000E-03,-2.2815640E+00,+3.8996545E+00
-376.5000E-03,-3.1408605E+00,+1.9398555E+00
-376.0000E-03,-3.1308103E+00,+3.8993404E+00
-375.5000E-03,-3.1455716E+00,+3.3820665E+00
-375.0000E-03,-3.1606470E+00,+3.4772299E+00
-374.5000E-03,-2.9797424E+00,+3.9144158E+00
-374.0000E-03,-3.1556218E+00,+2.5576319E+00
-373.5000E-03,-1.8088882E+00,+3.9093907E+00
-373.0000E-03,-3.1505967E+00,+1.7184359E+00
-372.5000E-03,-1.3117148E+00,+3.8946294E+00
-372.0000E-03,-3.1505967E+00,+970.0063E-03
-371.5000E-03,-2.2664887E+00,+3.8996545E+00
-371.0000E-03,-3.1408605E+00,+1.9348304E+00
-370.5000E-03,-3.1257851E+00,+3.9043655E+00
-370.0000E-03,-3.1455716E+00,+3.3669912E+00
-369.5000E-03,-3.1656721E+00,+3.4923052E+00
-369.0000E-03,-2.9847676E+00,+3.9144158E+00
-368.5000E-03,-3.1556218E+00,+2.5676821E+00
-368.0000E-03,-1.8189384E+00,+3.9093907E+00
-367.5000E-03,-3.1505967E+00,+1.7284862E+00
-367.0000E-03,-1.3016646E+00,+3.8946294E+00
-366.5000E-03,-3.1505967E+00,+975.0314E-03
-366.0000E-03,-2.2614635E+00,+3.8996545E+00
-365.5000E-03,-3.1408605E+00,+1.9147299E+00
-365.0000E-03,-3.1257851E+00,+3.8993404E+00
-364.5000E-03,-3.1455716E+00,+3.3569409E+00
-364.0000E-03,-3.1606470E+00,+3.4973304E+00
-363.5000E-03,-2.9847676E+00,+3.9144158E+00
-363.0000E-03,-3.1556218E+00,+2.5727073E+00
-362.5000E-03,-1.8239635E+00,+3.9093907E+00
-362.0000E-03,-3.1505967E+00,+1.7284862E+00
-361.5000E-03,-1.3066897E+00,+3.8946294E+00
-361.0000E-03,-3.1505967E+00,+975.0314E-03
-360.5000E-03,-2.2564384E+00,+3.8996545E+00
-360.0000E-03,-3.1408605E+00,+1.9097048E+00
-359.5000E-03,-3.1207600E+00,+3.8993404E+00
-359.0000E-03,-3.1455716E+00,+3.3468907E+00
-358.5000E-03,-3.1606470E+00,+3.5073806E+00
-358.0000E-03,-2.9948178E+00,+3.9144158E+00
-357.5000E-03,-3.1556218E+00,+2.5777324E+00
-357.0000E-03,-1.8390389E+00,+3.9093907E+00
-356.5000E-03,-3.1505967E+00,+1.7385364E+00
-356.0000E-03,-1.2966394E+00,+3.8946294E+00
-355.5000E-03,-3.1505967E+00,+980.0565E-03
-355.0000E-03,-2.2413630E+00,+3.9046796E+00
-354.5000E-03,-3.1408605E+00,+1.8896043E+00
-354.0000E-03,-3.1207600E+00,+3.8993404E+00
-353.5000E-03,-3.1455716E+00,+3.3318153E+00
-353.0000E-03,-3.1656721E+00,+3.5174309E+00
-352.5000E-03,-3.0048681E+00,+3.9147299E+00
-352.0000E-03,-3.1556218E+00,+2.5877826E+00
-351.5000E-03,-1.8440641E+00,+3.9093907E+00
-351.0000E-03,-3.1505967E+00,+1.7435615E+00
-350.5000E-03,-1.2865892E+00,+3.8946294E+00
-350.0000E-03,-3.1505967E+00,+985.0816E-03
-349.5000E-03,-2.2363379E+00,+3.9046796E+00
-349.0000E-03,-3.1408605E+00,+1.8845791E+00
-348.5000E-03,-3.1157349E+00,+3.8993404E+00
-348.0000E-03,-3.1455716E+00,+3.3267902E+00
-347.5000E-03,-3.1606470E+00,+3.5224560E+00
-347.0000E-03,-2.9998429E+00,+3.9147299E+00
-346.5000E-03,-3.1556218E+00,+2.5928078E+00
-346.0000E-03,-1.8440641E+00,+3.9144158E+00
-345.5000E-03,-3.1505967E+00,+1.7485867E+00
-345.0000E-03,-1.2966394E+00,+3.8996545E+00
-344.5000E-03,-3.1505967E+00,+985.0816E-03
-344.0000E-03,-2.2363379E+00,+3.9046796E+00
-343.5000E-03,-3.1408605E+00,+1.8896043E+00
-343.0000E-03,-3.1157349E+00,+3.9043655E+00
-342.5000E-03,-3.1455716E+00,+3.3368404E+00
-342.0000E-03,-3.1606470E+00,+3.5224560E+00
-341.5000E-03,-3.0048681E+00,+3.9194409E+00
-341.0000E-03,-3.1556218E+00,+2.5928078E+00
-340.5000E-03,-1.8440641E+00,+3.9093907E+00
-340.0000E-03,-3.1505967E+00,+1.7435615E+00
-339.5000E-03,-1.2966394E+00,+3.8946294E+00
-339.0000E-03,-3.1455716E+00,+980.0565E-03
-338.5000E-03,-2.2313128E+00,+3.9043655E+00
-338.0000E-03,-3.1408605E+00,+1.8896043E+00
-337.5000E-03,-3.1157349E+00,+3.8993404E+00
-337.0000E-03,-3.1455716E+00,+3.3318153E+00
-336.5000E-03,-3.1656721E+00,+3.5174309E+00
-336.0000E-03,-2.9998429E+00,+3.9147299E+00
-335.5000E-03,-3.1556218E+00,+2.5928078E+00
-335.0000E-03,-1.8440641E+00,+3.9093907E+00
-334.5000E-03,-3.1505967E+00,+1.7435615E+00
-334.0000E-03,-1.2865892E+00,+3.8946294E+00
-333.5000E-03,-3.1455716E+00,+985.0816E-03
-333.0000E-03,-2.2363379E+00,+3.9046796E+00
-332.5000E-03,-3.1408605E+00,+1.8896043E+00
-332.0000E-03,-3.1157349E+00,+3.8993404E+00
-331.5000E-03,-3.1455716E+00,+3.3318153E+00
-331.0000E-03,-3.1656721E+00,+3.5174309E+00
-330.5000E-03,-3.0048681E+00,+3.9144158E+00
-330.0000E-03,-3.1556218E+00,+2.5877826E+00
-329.5000E-03,-1.8490892E+00,+3.9093907E+00
-329.0000E-03,-3.1505967E+00,+1.7485867E+00
-328.5000E-03,-1.2966394E+00,+3.8946294E+00
-328.0000E-03,-3.1455716E+00,+985.0816E-03
-327.5000E-03,-2.2313128E+00,+3.9046796E+00
-327.0000E-03,-3.1408605E+00,+1.8845791E+00
-326.5000E-03,-3.1157349E+00,+3.9043655E+00
-326.0000E-03,-3.1455716E+00,+3.3217650E+00
-325.5000E-03,-3.1606470E+00,+3.5274811E+00
-325.0000E-03,-3.0098932E+00,+3.9194409E+00
-324.5000E-03,-3.1556218E+00,+2.5928078E+00
-324.0000E-03,-1.8591394E+00,+3.9144158E+00
-323.5000E-03,-3.1505967E+00,+1.7485867E+00
-323.0000E-03,-1.2916143E+00,+3.8996545E+00
-322.5000E-03,-3.1505967E+00,+985.0816E-03
-322.0000E-03,-2.2262877E+00,+3.9046796E+00
-321.5000E-03,-3.1408605E+00,+1.8695037E+00
-321.0000E-03,-3.1107098E+00,+3.9043655E+00
-320.5000E-03,-3.1455716E+00,+3.3167399E+00
-320.0000E-03,-3.1556218E+00,-3.1706972E+00
-319.5000E-03,-3.0048681E+00,-3.0551193E+00
-319.0000E-03,-3.1556218E+00,-3.1606470E+00
-318.5000E-03,-1.8239635E+00,-1.9596419E+00
-318.0000E-03,-3.1505967E+00,-3.1556218E+00
-317.5000E-03,-1.3318153E+00,-1.4524183E+00
-317.0000E-03,-3.1455716E+00,-3.1505967E+00
-316.5000E-03,-2.3921168E+00,-2.5127198E+00
-316.0000E-03,-3.1408605E+00,-3.1455716E+00
-315.5000E-03,-3.1509108E+00,-3.1559359E+00
-315.0000E-03,-3.1455716E+00,-3.1505967E+00
-314.5000E-03,-3.1556218E+00,-3.1606470E+00
-314.0000E-03,-2.8239635E+00,-2.9093907E+00
-313.5000E-03,-3.1505967E+00,-3.1556218E+00
-313.0000E-03,-1.5576319E+00,-1.6983354E+00
-312.5000E-03,-3.1505967E+00,-3.1505967E+00
-312.0000E-03,-1.4222676E+00,-1.5730213E+00
-311.5000E-03,-3.1455716E+00,-3.1455716E+00
-311.0000E-03,-2.6282977E+00,-2.7388505E+00
-310.5000E-03,-3.1408605E+00,-3.1455716E+00
-310.0000E-03,-3.1556218E+00,-3.1606470E+00
-309.5000E-03,-3.1455716E+00,-3.1455716E+00
-309.0000E-03,-3.1556218E+00,-3.1556218E+00
-308.5000E-03,-2.5827575E+00,-2.6882851E+00
-308.0000E-03,-3.1505967E+00,-3.1505967E+00
-307.5000E-03,-1.4119033E+00,-1.5576319E+00
-307.0000E-03,-3.1505967E+00,-3.1505967E+00
-306.5000E-03,-1.6735239E+00,-1.8092022E+00
-306.0000E-03,-3.1405464E+00,-3.1408605E+00
-305.5000E-03,-2.8443781E+00,-2.9247801E+00
-305.0000E-03,-3.1408605E+00,-3.1455716E+00
-304.5000E-03,-3.1606470E+00,-3.1556218E+00
-304.0000E-03,-3.1405464E+00,-3.1455716E+00
-303.5000E-03,-3.1556218E+00,-3.1556218E+00
-303.0000E-03,-2.3214510E+00,-2.4420540E+00
-302.5000E-03,-3.1505967E+00,-3.1505967E+00
-302.0000E-03,+4.0001570E+00,-1.4172424E+00
-301.5000E-03,+1.1304962E+00,-3.1505967E+00
-301.0000E-03,+3.9998429E+00,-1.9549309E+00
-300.5000E-03,+1.2363379E+00,-3.1408605E+00
-300.0000E-03,+3.9998429E+00,-2.9850816E+00
-299.5000E-03,+2.7740264E+00,-3.1458856E+00
-299.0000E-03,+3.8289887E+00,-3.1656721E+00
-298.5000E-03,+3.9499057E+00,-3.1455716E+00
-298.0000E-03,+2.8742148E+00,-3.1606470E+00
-297.5000E-03,+4.0098932E+00,-2.4320037E+00
-297.0000E-03,+1.9847676E+00,-3.1556218E+00
-296.5000E-03,+3.9951319E+00,-1.4423681E+00
-296.0000E-03,+1.1556218E+00,-3.1505967E+00
-295.5000E-03,+4.0001570E+00,-1.9348304E+00
-295.0000E-03,+1.2061872E+00,-3.1408605E+00
-294.5000E-03,+3.9998429E+00,-2.9700062E+00
-294.0000E-03,+2.7489007E+00,-3.1458856E+00
-293.5000E-03,+3.8440640E+00,-3.1606470E+00
-293.0000E-03,+3.9398555E+00,-3.1455716E+00
-292.5000E-03,+2.8892902E+00,-3.1556218E+00
-292.0000E-03,+4.0098932E+00,-2.4521042E+00
-291.5000E-03,+1.9948178E+00,-3.1556218E+00
-291.0000E-03,+3.9951319E+00,-1.4524183E+00
-290.5000E-03,+1.1656721E+00,-3.1505967E+00
-290.0000E-03,+4.0001570E+00,-1.9147299E+00
-289.5000E-03,+1.1810615E+00,-3.1455716E+00
-289.0000E-03,+3.9998429E+00,-2.9599560E+00
-288.5000E-03,+2.7237751E+00,-3.1458856E+00
-288.0000E-03,+3.8541143E+00,-3.1606470E+00
-287.5000E-03,+3.9298052E+00,-3.1455716E+00
-287.0000E-03,+2.9093907E+00,-3.1606470E+00
-286.5000E-03,+4.0098932E+00,-2.4822550E+00
-286.0000E-03,+2.0149183E+00,-3.1505967E+00
-285.5000E-03,+3.9901067E+00,-1.4674937E+00
-285.0000E-03,+1.1857726E+00,-3.1505967E+00
-284.5000E-03,+3.9951319E+00,-1.8896043E+00
-284.0000E-03,+1.1609610E+00,-3.1455716E+00
-283.5000E-03,+3.9998429E+00,-2.9448806E+00
-283.0000E-03,+2.6986495E+00,-3.1458856E+00
-282.5000E-03,+3.8591394E+00,-3.1606470E+00
-282.0000E-03,+3.9197550E+00,-3.1455716E+00
-281.5000E-03,+2.9294912E+00,-3.1556218E+00
-281.0000E-03,+4.0098932E+00,-2.5023555E+00
-280.5000E-03,+2.0299937E+00,-3.1556218E+00
-280.0000E-03,+3.9951319E+00,-1.4825691E+00
-279.5000E-03,+1.2008480E+00,-3.1505967E+00
-279.0000E-03,+4.0001570E+00,-1.8644786E+00
-278.5000E-03,+1.1308103E+00,-3.1455716E+00
-278.0000E-03,+3.9948178E+00,-2.9298052E+00
-277.5000E-03,+2.6634736E+00,-3.1455716E+00
-277.0000E-03,+3.8792399E+00,-3.1606470E+00
-276.5000E-03,+3.9046796E+00,-3.1455716E+00
-276.0000E-03,+2.9445666E+00,-3.1556218E+00
-275.5000E-03,+4.0098932E+00,-2.5274811E+00
-275.0000E-03,+2.0450691E+00,-3.1505967E+00
-274.5000E-03,+3.9951319E+00,-1.4976445E+00
-274.0000E-03,+1.2159234E+00,-3.1505967E+00
-273.5000E-03,+4.0001570E+00,-1.8494032E+00
-273.0000E-03,+1.1056847E+00,-3.1455716E+00
-272.5000E-03,+3.9998429E+00,-2.9147299E+00
-272.0000E-03,+2.6333228E+00,-3.1458856E+00
-271.5000E-03,+3.8892902E+00,-3.1606470E+00
-271.0000E-03,+3.8946294E+00,-3.1455716E+00
-270.5000E-03,+2.9646671E+00,-3.1556218E+00
-270.0000E-03,+4.0098932E+00,-2.5526068E+00
-269.5000E-03,+2.0651696E+00,-3.1556218E+00
-269.0000E-03,+3.9901067E+00,-1.5177450E+00
-268.5000E-03,+1.2360239E+00,-3.1505967E+00
-268.0000E-03,+4.0001570E+00,-1.8192525E+00
-267.5000E-03,+1.0805590E+00,-3.1455716E+00
-267.0000E-03,+3.9998429E+00,-2.8996545E+00
-266.5000E-03,+2.6031721E+00,-3.1458856E+00
-266.0000E-03,+3.9043655E+00,-3.1606470E+00
-265.5000E-03,+3.8845791E+00,-3.1505967E+00
-265.0000E-03,+2.9797424E+00,-3.1606470E+00
-264.5000E-03,+4.0098932E+00,-2.5777324E+00
-264.0000E-03,+2.0802450E+00,-3.1556218E+00
-263.5000E-03,+3.9951319E+00,-1.5375314E+00
-263.0000E-03,+1.2510992E+00,-3.1505967E+00
-262.5000E-03,+3.9998429E+00,-1.7991520E+00
-262.0000E-03,+1.0604585E+00,-3.1455716E+00
-261.5000E-03,+3.9998429E+00,-2.8795540E+00
-261.0000E-03,+2.5730213E+00,-3.1458856E+00
-260.5000E-03,+3.9144158E+00,-3.1656721E+00
-260.0000E-03,+3.8695037E+00,-3.1505967E+00
-259.5000E-03,+2.9998429E+00,-3.1606470E+00
-259.0000E-03,+4.0098932E+00,-2.6028580E+00
-258.5000E-03,+2.1003455E+00,-3.1556218E+00
-258.0000E-03,+3.9951319E+00,-1.5526068E+00
-257.5000E-03,+1.2661746E+00,-3.1505967E+00
-257.0000E-03,+4.0001570E+00,-1.7790515E+00
-256.5000E-03,+1.0353329E+00,-3.1455716E+00
-256.0000E-03,+4.0001570E+00,-2.8695037E+00
-255.5000E-03,+2.5428706E+00,-3.1458856E+00
-255.0000E-03,+3.9244660E+00,-3.1656721E+00
-254.5000E-03,+3.8544284E+00,-3.1455716E+00
-254.0000E-03,+3.0199434E+00,-3.1606470E+00
-253.5000E-03,+4.0098932E+00,-2.6279836E+00
-253.0000E-03,+2.1204460E+00,-3.1556218E+00
-252.5000E-03,+4.0001570E+00,-1.5526068E+00
-252.0000E-03,+1.2862751E+00,-3.1505967E+00
-251.5000E-03,+4.0001570E+00,-1.7539259E+00
-251.0000E-03,+1.0152324E+00,-3.1455716E+00
-250.5000E-03,+4.0001570E+00,-2.8443781E+00
-250.0000E-03,+2.5177449E+00,-3.1458856E+00
-249.5000E-03,+3.9345163E+00,-3.1656721E+00
-249.0000E-03,+3.8443781E+00,-3.1505967E+00
-248.5000E-03,+3.0400439E+00,-3.1606470E+00
-248.0000E-03,+4.0098932E+00,-2.6480841E+00
-247.5000E-03,+2.1355213E+00,-3.1556218E+00
-247.0000E-03,+3.9951319E+00,-1.4875942E+00
-246.5000E-03,+1.2963254E+00,-3.1505967E+00
-246.0000E-03,+4.0001570E+00,-1.7288002E+00
-245.5000E-03,+995.1319E-03,-3.1455716E+00
-245.0000E-03,+3.9951319E+00,-2.8293027E+00
-244.5000E-03,+2.4875942E+00,-3.1458856E+00
-244.0000E-03,+3.9445665E+00,-3.1606470E+00
-243.5000E-03,+3.8242776E+00,-3.1505967E+00
-243.0000E-03,+3.0601444E+00,-3.1606470E+00
-242.5000E-03,+4.0098932E+00,-2.6732098E+00
-242.0000E-03,+2.1556218E+00,-3.1556218E+00
-241.5000E-03,+4.0048680E+00,-1.4825691E+00
-241.0000E-03,+1.3164259E+00,-3.1505967E+00
-240.5000E-03,+4.0001570E+00,-1.7086997E+00
-240.0000E-03,+980.0565E-03,-3.1455716E+00
-239.5000E-03,+4.0001570E+00,-2.8092022E+00
-239.0000E-03,+2.4574434E+00,-3.1458856E+00
-238.5000E-03,+3.9546168E+00,-3.1606470E+00
-238.0000E-03,+3.8041771E+00,-3.1505967E+00
-237.5000E-03,+3.0802449E+00,-3.1606470E+00
-237.0000E-03,+4.0098932E+00,-2.6983354E+00
-236.5000E-03,+2.1706972E+00,-3.1505967E+00
-236.0000E-03,+4.0048680E+00,-1.5026696E+00
-235.5000E-03,+1.3365264E+00,-3.1505967E+00
-235.0000E-03,+4.0001570E+00,-1.6785490E+00
-234.5000E-03,+964.9811E-03,-3.1455716E+00
-234.0000E-03,+3.9998429E+00,-2.7891017E+00
-233.5000E-03,+2.4272927E+00,-3.1455716E+00
-233.0000E-03,+3.9596419E+00,-3.1656721E+00
-232.5000E-03,+3.7941268E+00,-3.1505967E+00
-232.0000E-03,+3.0902952E+00,-3.1606470E+00
-231.5000E-03,+4.0098932E+00,-2.7134108E+00
-231.0000E-03,+2.1857726E+00,-3.1556218E+00
-230.5000E-03,+4.0048680E+00,-1.5277952E+00
-230.0000E-03,+1.3516017E+00,-3.1505967E+00
-229.5000E-03,+4.0001570E+00,-1.6584485E+00
-229.0000E-03,+944.8806E-03,-3.1455716E+00
-228.5000E-03,+3.9998429E+00,-2.7690012E+00
-228.0000E-03,+2.3921168E+00,-3.1455716E+00
-227.5000E-03,+3.9696922E+00,-3.1606470E+00
-227.0000E-03,+3.7740263E+00,-3.1505967E+00
-226.5000E-03,+3.1154208E+00,-3.1606470E+00
-226.0000E-03,+4.0102072E+00,-2.7385364E+00
-225.5000E-03,+2.2058731E+00,-3.1556218E+00
-225.0000E-03,+4.0048680E+00,-1.5475816E+00
-224.5000E-03,+1.3616520E+00,-3.1505967E+00
-224.0000E-03,+4.0001570E+00,-1.6433731E+00
-223.5000E-03,+934.8304E-03,-3.1455716E+00
-223.0000E-03,+3.7033605E+00,-2.7539258E+00
-222.5000E-03,-1.9747173E+00,-3.1455716E+00
-222.0000E-03,-3.1606470E+00,-3.1556218E+00
-221.5000E-03,-3.1455716E+00,-3.1455716E+00
-221.0000E-03,-3.1606470E+00,-3.1556218E+00
-220.5000E-03,-2.5375314E+00,-2.6480841E+00
-220.0000E-03,-3.1556218E+00,-3.1556218E+00
-219.5000E-03,-1.4068781E+00,-1.5475816E+00
-219.0000E-03,-3.1505967E+00,-3.1505967E+00
-218.5000E-03,-1.7086997E+00,-1.8443781E+00
-218.0000E-03,-3.1455716E+00,-3.1408605E+00
-217.5000E-03,-2.8695037E+00,-2.9448806E+00
-217.0000E-03,-3.1455716E+00,-3.1455716E+00
-216.5000E-03,-3.1606470E+00,-3.1556218E+00
-216.0000E-03,-3.1405464E+00,-3.1455716E+00
-215.5000E-03,-3.1556218E+00,-3.1556218E+00
-215.0000E-03,-2.2812500E+00,-2.4018530E+00
-214.5000E-03,-3.1505967E+00,-3.1505967E+00
-214.0000E-03,-1.2614636E+00,-1.4122173E+00
-213.5000E-03,-3.1505967E+00,-3.1505967E+00
-213.0000E-03,-1.9599560E+00,-2.0855841E+00
-212.5000E-03,-3.1405464E+00,-3.1408605E+00
-212.0000E-03,-3.0252826E+00,-3.0705088E+00
-211.5000E-03,-3.1455716E+00,-3.1455716E+00
-211.0000E-03,-3.1606470E+00,-3.1556218E+00
-210.5000E-03,-3.0902952E+00,-3.1154208E+00
-210.0000E-03,-3.1556218E+00,-3.1505967E+00
-209.5000E-03,-2.0149183E+00,-2.1455716E+00
-209.0000E-03,-3.1505967E+00,-3.1505967E+00
-208.5000E-03,-1.2413631E+00,-1.3921168E+00
-208.0000E-03,-3.1455716E+00,-3.1455716E+00
-207.5000E-03,-2.2061872E+00,-2.3267902E+00
-207.0000E-03,-3.1408605E+00,-3.1408605E+00
-206.5000E-03,-3.1207600E+00,-3.1408605E+00
-206.0000E-03,-3.1455716E+00,-3.1455716E+00
-205.5000E-03,-3.1556218E+00,-3.1606470E+00
-205.0000E-03,-2.9646671E+00,-3.0199434E+00
-204.5000E-03,-3.1505967E+00,-3.1556218E+00
-204.0000E-03,-1.7485867E+00,-1.8842651E+00
-203.5000E-03,-3.1505967E+00,-3.1505967E+00
-203.0000E-03,-1.3770414E+00,-1.5227701E+00
-202.5000E-03,-3.1455716E+00,-3.1455716E+00
-202.0000E-03,-2.4473932E+00,-2.5629711E+00
-201.5000E-03,-3.1408605E+00,-3.1455716E+00
-201.0000E-03,-3.1509108E+00,-3.1559359E+00
-200.5000E-03,-3.1455716E+00,-3.1455716E+00
-200.0000E-03,-3.1556218E+00,-3.1556218E+00
-199.5000E-03,-2.7636620E+00,-2.8541143E+00
-199.0000E-03,-3.1505967E+00,-3.1556218E+00
-198.5000E-03,-1.4923053E+00,-1.6380339E+00
-198.0000E-03,-3.1505967E+00,-3.1505967E+00
-197.5000E-03,-1.4825691E+00,-1.6333228E+00
-197.0000E-03,-3.1455716E+00,-3.1455716E+00
-196.5000E-03,-2.6885992E+00,-2.7941269E+00
-196.0000E-03,-3.1408605E+00,-3.1458856E+00
-195.5000E-03,-3.1606470E+00,-3.1606470E+00
-195.0000E-03,-3.1455716E+00,-3.1505967E+00
-194.5000E-03,-3.1556218E+00,-3.1606470E+00
-194.0000E-03,-2.5073806E+00,-2.6179334E+00
-193.5000E-03,-3.1505967E+00,-3.1556218E+00
-193.0000E-03,-1.3820666E+00,-1.5328203E+00
-192.5000E-03,-3.1505967E+00,-3.1505967E+00
-192.0000E-03,-1.7438756E+00,-1.8795540E+00
-191.5000E-03,-3.1408605E+00,-3.1455716E+00
-191.0000E-03,-2.8996545E+00,-2.9700062E+00
-190.5000E-03,-3.1455716E+00,-3.1458856E+00
-190.0000E-03,-3.1606470E+00,-3.1606470E+00
-189.5000E-03,-3.1355213E+00,-3.1455716E+00
-189.0000E-03,-3.1606470E+00,-3.1606470E+00
-188.5000E-03,-2.2812500E+00,-2.4018530E+00
-188.0000E-03,-3.1505967E+00,-3.1556218E+00
-187.5000E-03,-1.2865892E+00,-1.4524183E+00
-187.0000E-03,-3.1505967E+00,-3.1505967E+00
-186.5000E-03,-1.8092022E+00,-1.9448806E+00
-186.0000E-03,-3.1408605E+00,-3.1455716E+00
-185.5000E-03,-2.9097047E+00,-2.9800565E+00
-185.0000E-03,-3.1455716E+00,-3.1505967E+00
-184.5000E-03,-3.1656721E+00,-3.1656721E+00
-184.0000E-03,-3.1405464E+00,-3.1455716E+00
-183.5000E-03,-3.1556218E+00,-3.1606470E+00
-183.0000E-03,-2.3164259E+00,-2.4320037E+00
-182.5000E-03,-3.1556218E+00,-3.1606470E+00
-182.0000E-03,-1.2966394E+00,-1.4624686E+00
-181.5000E-03,-3.1505967E+00,-3.1505967E+00
-181.0000E-03,-1.7991520E+00,-1.9298053E+00
-180.5000E-03,-3.1408605E+00,-3.1455716E+00
-180.0000E-03,-2.8996545E+00,-2.9750314E+00
-179.5000E-03,-3.1455716E+00,-3.1458856E+00
-179.0000E-03,-3.1656721E+00,-3.1656721E+00
-178.5000E-03,-3.1405464E+00,-3.1505967E+00
-178.0000E-03,-3.1556218E+00,-3.1606470E+00
-177.5000E-03,-2.3264761E+00,-2.4470791E+00
-177.0000E-03,-3.1505967E+00,-3.1556218E+00
-176.5000E-03,-1.2966394E+00,-1.4674937E+00
-176.0000E-03,-3.1505967E+00,-3.1556218E+00
-175.5000E-03,-1.7790515E+00,-1.9147299E+00
-175.0000E-03,-3.1408605E+00,-3.1455716E+00
-174.5000E-03,-2.8845791E+00,-2.9649811E+00
-174.0000E-03,-3.1455716E+00,-3.1458856E+00
-173.5000E-03,-3.1606470E+00,-3.1606470E+00
-173.0000E-03,-3.1405464E+00,-3.1455716E+00
-172.5000E-03,-3.1556218E+00,-3.1606470E+00
-172.0000E-03,-2.3465766E+00,-2.4671796E+00
-171.5000E-03,-3.1556218E+00,-3.1556218E+00
-171.0000E-03,-1.3066897E+00,-1.4725188E+00
-170.5000E-03,-3.1505967E+00,-3.1556218E+00
-170.0000E-03,-1.7639761E+00,-1.8996545E+00
-169.5000E-03,-3.1408605E+00,-3.1455716E+00
-169.0000E-03,-2.8745289E+00,-2.9549309E+00
-168.5000E-03,-3.1458856E+00,-3.1458856E+00
-168.0000E-03,-3.1656721E+00,-3.1656721E+00
-167.5000E-03,-3.1455716E+00,-3.1505967E+00
-167.0000E-03,-3.1556218E+00,-3.1606470E+00
-166.5000E-03,-2.3566269E+00,-2.4772299E+00
-166.0000E-03,-3.1505967E+00,-3.1556218E+00
-165.5000E-03,-1.3167399E+00,-1.4825691E+00
-165.0000E-03,-3.1505967E+00,-3.1556218E+00
-164.5000E-03,-1.7539259E+00,-1.8896043E+00
-164.0000E-03,-3.1405464E+00,-3.1455716E+00
-163.5000E-03,-2.8644786E+00,-2.9448806E+00
-163.0000E-03,-3.1455716E+00,-3.1458856E+00
-162.5000E-03,-3.1656721E+00,-3.1606470E+00
-162.0000E-03,-3.1405464E+00,-3.1505967E+00
-161.5000E-03,-3.1556218E+00,-3.1606470E+00
-161.0000E-03,-2.3767274E+00,-2.4973304E+00
-160.5000E-03,-3.1556218E+00,-3.1556218E+00
-160.0000E-03,-1.3318153E+00,-1.4976445E+00
-159.5000E-03,-3.1505967E+00,-3.1505967E+00
-159.0000E-03,-1.7288002E+00,-1.8644786E+00
-158.5000E-03,-3.1408605E+00,-3.1455716E+00
-158.0000E-03,-2.8494032E+00,-2.9298052E+00
-157.5000E-03,-3.1455716E+00,-3.1458856E+00
-157.0000E-03,-3.1606470E+00,-3.1656721E+00
-156.5000E-03,-3.1455716E+00,-3.1505967E+00
-156.0000E-03,-3.1606470E+00,-3.1606470E+00
-155.5000E-03,-2.4068781E+00,-2.5274811E+00
-155.0000E-03,-3.1505967E+00,-3.1556218E+00
-154.5000E-03,-1.3468907E+00,-1.5127198E+00
-154.0000E-03,-3.1505967E+00,-3.1505967E+00
-153.5000E-03,-1.7086997E+00,-1.8443781E+00
-153.0000E-03,-3.1405464E+00,-3.1455716E+00
-152.5000E-03,-2.8293027E+00,-2.9147299E+00
-152.0000E-03,-3.1455716E+00,-3.1458856E+00
-151.5000E-03,-3.1606470E+00,-3.1656721E+00
-151.0000E-03,-3.1455716E+00,-3.1505967E+00
-150.5000E-03,-3.1556218E+00,-3.1606470E+00
-150.0000E-03,-2.4320037E+00,-2.5475816E+00
-149.5000E-03,-3.1505967E+00,-3.1556218E+00
-149.0000E-03,-1.3669912E+00,-1.5328203E+00
-148.5000E-03,-3.1455716E+00,-3.1505967E+00
-148.0000E-03,-1.6835741E+00,-1.8242776E+00
-147.5000E-03,-3.1405464E+00,-3.1455716E+00
-147.0000E-03,-2.8142274E+00,-2.9046796E+00
-146.5000E-03,-3.1408605E+00,-3.1458856E+00
-146.0000E-03,-3.1606470E+00,-3.1656721E+00
-145.5000E-03,-3.1455716E+00,-3.1505967E+00
-145.0000E-03,-3.1556218E+00,-3.1556218E+00
-144.5000E-03,-2.4521042E+00,-2.5727073E+00
-144.0000E-03,-3.1505967E+00,-3.1556218E+00
-143.5000E-03,-1.3867776E+00,-1.5526068E+00
-143.0000E-03,-3.1505967E+00,-3.1505967E+00
-142.5000E-03,-1.6584485E+00,-1.7991520E+00
-142.0000E-03,-3.1408605E+00,-3.1455716E+00
-141.5000E-03,-2.7941269E+00,-2.8896042E+00
-141.0000E-03,-3.1455716E+00,-3.1458856E+00
-140.5000E-03,-3.1606470E+00,-3.1656721E+00
-140.0000E-03,-3.1455716E+00,-3.1505967E+00
-139.5000E-03,-3.1606470E+00,-3.1606470E+00
-139.0000E-03,-2.4772299E+00,-2.5978329E+00
-138.5000E-03,-3.1505967E+00,-3.1556218E+00
-138.0000E-03,-1.4018530E+00,-1.5676821E+00
-137.5000E-03,-3.1455716E+00,-3.1505967E+00
-137.0000E-03,-1.6433731E+00,-1.7790515E+00
-136.5000E-03,-3.1408605E+00,-3.1455716E+00
-136.0000E-03,-2.7740264E+00,-2.8695037E+00
-135.5000E-03,-3.1455716E+00,-3.1458856E+00
-135.0000E-03,-3.1606470E+00,-3.1656721E+00
-134.5000E-03,-3.1455716E+00,-3.1505967E+00
-134.0000E-03,-3.1556218E+00,-3.1606470E+00
-133.5000E-03,-2.5023555E+00,-2.6179334E+00
-133.0000E-03,-3.1505967E+00,-3.1556218E+00
-132.5000E-03,-1.4119033E+00,-1.5777324E+00
-132.0000E-03,-3.1455716E+00,-3.1505967E+00
-131.5000E-03,-1.6182475E+00,-1.7589510E+00
-131.0000E-03,-3.1405464E+00,-3.1455716E+00
-130.5000E-03,-2.7539258E+00,-2.8544284E+00
-130.0000E-03,-3.1408605E+00,-3.1458856E+00
-129.5000E-03,-3.1606470E+00,-3.1656721E+00
-129.0000E-03,-3.1455716E+00,-3.1505967E+00
-128.5000E-03,-3.1556218E+00,-3.1606470E+00
-128.0000E-03,-2.5274811E+00,-2.6430590E+00
-127.5000E-03,-3.1505967E+00,-3.1556218E+00
-127.0000E-03,-1.3519158E+00,-1.4976445E+00
-126.5000E-03,-3.1455716E+00,-3.1505967E+00
-126.0000E-03,-1.5880967E+00,-1.7338254E+00
-125.5000E-03,-3.1405464E+00,-3.1455716E+00
-125.0000E-03,-2.7338253E+00,-2.8343279E+00
-124.5000E-03,-3.1455716E+00,-3.1458856E+00
-124.0000E-03,-3.1606470E+00,-3.1606470E+00
-123.5000E-03,-3.1455716E+00,-3.1505967E+00
-123.0000E-03,-3.1606470E+00,-3.1606470E+00
-122.5000E-03,-2.5576319E+00,-2.6681846E+00
-122.0000E-03,-3.1505967E+00,-3.1556218E+00
-121.5000E-03,-1.3669912E+00,-1.5177450E+00
-121.0000E-03,-3.1455716E+00,-3.1505967E+00
-120.5000E-03,-1.6684987E+00,-1.8092022E+00
-120.0000E-03,-3.1405464E+00,-3.1455716E+00
-119.5000E-03,-2.8443781E+00,-2.9298052E+00
-119.0000E-03,-3.1408605E+00,-3.1458856E+00
-118.5000E-03,-3.1556218E+00,-3.1656721E+00
-118.0000E-03,-3.1405464E+00,-3.1455716E+00
-117.5000E-03,-3.1505967E+00,-3.1556218E+00
-117.0000E-03,-2.3164259E+00,-2.4420540E+00
-116.5000E-03,-3.1455716E+00,-3.1556218E+00
-116.0000E-03,-1.2715138E+00,-1.4272927E+00
-115.5000E-03,-3.1455716E+00,-3.1505967E+00
-115.0000E-03,-1.9197550E+00,-2.0504083E+00
-114.5000E-03,-3.1405464E+00,-3.1408605E+00
-114.0000E-03,-3.0051821E+00,-3.0604585E+00
-113.5000E-03,-3.1405464E+00,-3.1455716E+00
-113.0000E-03,-3.1556218E+00,-3.1606470E+00
-112.5000E-03,-3.1003454E+00,-3.1254711E+00
-112.0000E-03,-3.1505967E+00,-3.1556218E+00
-111.5000E-03,-2.0500942E+00,-2.1807475E+00
-111.0000E-03,-3.1455716E+00,-3.1556218E+00
-110.5000E-03,-1.2413631E+00,-1.3921168E+00
-110.0000E-03,-3.1455716E+00,-3.1505967E+00
-109.5000E-03,-2.1659862E+00,-2.2916143E+00
-109.0000E-03,-3.1405464E+00,-3.1455716E+00
-108.5000E-03,-3.1056846E+00,-3.1358354E+00
-108.0000E-03,-3.1455716E+00,-3.1455716E+00
-107.5000E-03,-3.1556218E+00,-3.1606470E+00
-107.0000E-03,-2.9897927E+00,-3.0450691E+00
-106.5000E-03,-3.1505967E+00,-3.1556218E+00
-106.0000E-03,-1.7887877E+00,-1.9244661E+00
-105.5000E-03,-3.1455716E+00,-3.1556218E+00
-105.0000E-03,-1.3468907E+00,-1.4926193E+00
-104.5000E-03,-3.1455716E+00,-3.1505967E+00
-104.0000E-03,-2.4071922E+00,-2.5277952E+00
-103.5000E-03,-3.1408605E+00,-3.1455716E+00
-103.0000E-03,-3.1458856E+00,-3.1556218E+00
-102.5000E-03,-3.1455716E+00,-3.1455716E+00
-102.0000E-03,-3.1556218E+00,-3.1606470E+00
-101.5000E-03,-2.8038630E+00,-2.8892902E+00
-101.0000E-03,-3.1505967E+00,-3.1556218E+00
-100.5000E-03,-1.5325063E+00,-1.6782349E+00
-100.0000E-03,-3.1455716E+00,-3.1505967E+00
-99.5000E-03,-1.4373429E+00,-1.5880967E+00
-99.0000E-03,-3.1405464E+00,-3.1455716E+00
-98.5000E-03,-2.6483982E+00,-2.7589510E+00
-98.0000E-03,-3.1405464E+00,-3.1458856E+00
-97.5000E-03,-3.1556218E+00,-3.1606470E+00
-97.0000E-03,-3.1455716E+00,+3.7740263E+00
-96.5000E-03,-3.1556218E+00,+3.1154208E+00
-96.0000E-03,-2.5978329E+00,+3.9093907E+00
-95.5000E-03,-3.1505967E+00,+2.2460741E+00
-95.0000E-03,-1.3820666E+00,+3.9093907E+00
-94.5000E-03,-3.1505967E+00,+1.4370289E+00
-94.0000E-03,-1.5127198E+00,+3.9046796E+00
-93.5000E-03,-3.1455716E+00,+1.0453832E+00
-93.0000E-03,-2.6735238E+00,+3.9046796E+00
-92.5000E-03,-3.1408605E+00,+2.4624686E+00
-92.0000E-03,-3.1559359E+00,+3.8993404E+00
-91.5000E-03,-3.1455716E+00,+3.7539258E+00
-91.0000E-03,-3.1556218E+00,+3.1304962E+00
-90.5000E-03,-2.6179334E+00,+3.9144158E+00
-90.0000E-03,-3.1505967E+00,+2.2561243E+00
-89.5000E-03,-1.3820666E+00,+3.9093907E+00
-89.0000E-03,-3.1455716E+00,+1.4320038E+00
-88.5000E-03,-1.5127198E+00,+3.8996545E+00
-88.0000E-03,-3.1455716E+00,+1.0403580E+00
-87.5000E-03,-2.6684987E+00,+3.8996545E+00
-87.0000E-03,-3.1455716E+00,+2.4524183E+00
-86.5000E-03,-3.1606470E+00,+3.8993404E+00
-86.0000E-03,-3.1455716E+00,+3.7438756E+00
-85.5000E-03,-3.1556218E+00,+3.1355213E+00
-85.0000E-03,-2.6279836E+00,+3.9097047E+00
-84.5000E-03,-3.1505967E+00,+2.2611495E+00
-84.0000E-03,-1.3921168E+00,+3.9043655E+00
-83.5000E-03,-3.1505967E+00,+1.4420540E+00
-83.0000E-03,-1.5026696E+00,+3.8996545E+00
-82.5000E-03,-3.1405464E+00,+1.0353329E+00
-82.0000E-03,-2.6534233E+00,+3.8996545E+00
-81.5000E-03,-3.1455716E+00,+2.4373429E+00
-81.0000E-03,-3.1606470E+00,+3.8993404E+00
-80.5000E-03,-3.1455716E+00,+3.7388505E+00
-80.0000E-03,-3.1606470E+00,+3.1405464E+00
-79.5000E-03,-2.6380339E+00,+3.9097047E+00
-79.0000E-03,-3.1505967E+00,+2.2661746E+00
-78.5000E-03,-1.4018530E+00,+3.9043655E+00
-78.0000E-03,-3.1505967E+00,+1.4420540E+00
-77.5000E-03,-1.4976445E+00,+3.8996545E+00
-77.0000E-03,-3.1405464E+00,+1.0353329E+00
-76.5000E-03,-2.6534233E+00,+3.8996545E+00
-76.0000E-03,-3.1455716E+00,+2.4373429E+00
-75.5000E-03,-3.1606470E+00,+3.8943153E+00
-75.0000E-03,-3.1505967E+00,+3.7388505E+00
-74.5000E-03,-3.1606470E+00,+3.1455716E+00
-74.0000E-03,-2.6430590E+00,+3.9093907E+00
-73.5000E-03,-3.1556218E+00,+2.2661746E+00
-73.0000E-03,-1.4018530E+00,+3.9043655E+00
-72.5000E-03,-3.1505967E+00,+1.4470791E+00
-72.0000E-03,-1.4926193E+00,+3.8996545E+00
-71.5000E-03,-3.1405464E+00,+1.0252827E+00
-71.0000E-03,-2.6433731E+00,+3.8996545E+00
-70.5000E-03,-3.1455716E+00,+2.4272927E+00
-70.0000E-03,-3.1606470E+00,+3.8993404E+00
-69.5000E-03,-3.1455716E+00,+3.7338253E+00
-69.0000E-03,-3.1606470E+00,+3.1505967E+00
-68.5000E-03,-2.6430590E+00,+3.9097047E+00
-68.0000E-03,-3.1505967E+00,+2.2711997E+00
-67.5000E-03,-1.4018530E+00,+3.9043655E+00
-67.0000E-03,-3.1505967E+00,+1.4521043E+00
-66.5000E-03,-1.4926193E+00,+3.8996545E+00
-66.0000E-03,-3.1455716E+00,+1.0303078E+00
-65.5000E-03,-2.6483982E+00,+3.8996545E+00
-65.0000E-03,-3.1408605E+00,+2.4323178E+00
-64.5000E-03,-3.1606470E+00,+3.9043655E+00
-64.0000E-03,-3.1455716E+00,+3.7338253E+00
-63.5000E-03,-3.1606470E+00,+3.1556218E+00
-63.0000E-03,-2.6430590E+00,+3.9144158E+00
-62.5000E-03,-3.1505967E+00,+2.2711997E+00
-62.0000E-03,-1.4068781E+00,+3.9043655E+00
-61.5000E-03,-3.1455716E+00,+1.4521043E+00
-61.0000E-03,-1.4875942E+00,+3.9046796E+00
-60.5000E-03,-3.1405464E+00,+1.0303078E+00
-60.0000E-03,-2.6433731E+00,+3.8996545E+00
-59.5000E-03,-3.1408605E+00,+2.4272927E+00
-59.0000E-03,-3.1556218E+00,+3.8993404E+00
-58.5000E-03,-3.1455716E+00,+3.7338253E+00
-58.0000E-03,-3.1606470E+00,+3.1505967E+00
-57.5000E-03,-2.6430590E+00,+3.9097047E+00
-57.0000E-03,-3.1556218E+00,+2.2711997E+00
-56.5000E-03,-1.4068781E+00,+3.9043655E+00
-56.0000E-03,-3.1505967E+00,+1.4521043E+00
-55.5000E-03,-1.4875942E+00,+3.8996545E+00
-55.0000E-03,-3.1455716E+00,+1.0303078E+00
-54.5000E-03,-2.6433731E+00,+3.8996545E+00
-54.0000E-03,-3.1455716E+00,+2.4323178E+00
-53.5000E-03,-3.1606470E+00,+3.8993404E+00
-53.0000E-03,-3.1455716E+00,+3.7338253E+00
-52.5000E-03,-3.1606470E+00,+3.1505967E+00
-52.0000E-03,-2.6380339E+00,+3.9093907E+00
-51.5000E-03,-3.1556218E+00,+2.2711997E+00
-51.0000E-03,-1.4018530E+00,+3.9043655E+00
-50.5000E-03,-3.1505967E+00,+1.4521043E+00
-50.0000E-03,-1.4926193E+00,+3.8996545E+00
-49.5000E-03,-3.1455716E+00,+1.0303078E+00
-49.0000E-03,-2.6433731E+00,+3.8996545E+00
-48.5000E-03,-3.1455716E+00,+2.4272927E+00
-48.0000E-03,-3.1609610E+00,+3.8993404E+00
-47.5000E-03,-3.1455716E+00,+3.7338253E+00
-47.0000E-03,-3.1606470E+00,+3.1556218E+00
-46.5000E-03,-2.6430590E+00,+3.9097047E+00
-46.0000E-03,-3.1556218E+00,+2.2762248E+00
-45.5000E-03,-1.4068781E+00,+3.9043655E+00
-45.0000E-03,-3.1505967E+00,+1.4521043E+00
-44.5000E-03,-1.4875942E+00,+3.8996545E+00
-44.0000E-03,-3.1455716E+00,+1.0303078E+00
-43.5000E-03,-2.6433731E+00,+3.8996545E+00
-43.0000E-03,-3.1455716E+00,+2.4272927E+00
-42.5000E-03,-3.1606470E+00,+3.8993404E+00
-42.0000E-03,-3.1455716E+00,+3.7388505E+00
-41.5000E-03,-3.1606470E+00,+3.1505967E+00
-41.0000E-03,-2.6430590E+00,+3.9144158E+00
-40.5000E-03,-3.1556218E+00,+2.2711997E+00
-40.0000E-03,-1.4068781E+00,+3.9093907E+00
-39.5000E-03,-3.1505967E+00,+1.4521043E+00
-39.0000E-03,-1.4875942E+00,+3.8996545E+00
-38.5000E-03,-3.1455716E+00,+1.0303078E+00
-38.0000E-03,-2.6433731E+00,+3.8996545E+00
-37.5000E-03,-3.1458856E+00,+2.4323178E+00
-37.0000E-03,-3.1656721E+00,+3.8993404E+00
-36.5000E-03,-3.1505967E+00,+3.7338253E+00
-36.0000E-03,-3.1606470E+00,+3.1505967E+00
-35.5000E-03,-2.6430590E+00,+3.9144158E+00
-35.0000E-03,-3.1556218E+00,+2.2711997E+00
-34.5000E-03,-1.4018530E+00,+3.9043655E+00
-34.0000E-03,-3.1505967E+00,+1.4521043E+00
-33.5000E-03,-1.4875942E+00,+3.9043655E+00
-33.0000E-03,-3.1455716E+00,+1.0303078E+00
-32.5000E-03,-2.6433731E+00,+3.8996545E+00
-32.0000E-03,-3.1408605E+00,+2.4272927E+00
-31.5000E-03,-3.1606470E+00,+3.9043655E+00
-31.0000E-03,-3.1455716E+00,+3.7338253E+00
-30.5000E-03,-3.1556218E+00,+3.1556218E+00
-30.0000E-03,-2.6430590E+00,+3.9144158E+00
-29.5000E-03,-3.1505967E+00,+2.2762248E+00
-29.0000E-03,-1.4068781E+00,+3.9093907E+00
-28.5000E-03,-3.1505967E+00,+1.4521043E+00
-28.0000E-03,-1.4825691E+00,+3.9043655E+00
-27.5000E-03,-3.1455716E+00,+1.0303078E+00
-27.0000E-03,-2.6433731E+00,+3.8996545E+00
-26.5000E-03,-3.1408605E+00,+2.4272927E+00
-26.0000E-03,-3.1606470E+00,+3.8993404E+00
-25.5000E-03,-3.1455716E+00,+3.7338253E+00
-25.0000E-03,-3.1556218E+00,+3.1505967E+00
-24.5000E-03,-2.6430590E+00,+3.9144158E+00
-24.0000E-03,-3.1505967E+00,+2.2711997E+00
-23.5000E-03,-1.4068781E+00,+3.9093907E+00
-23.0000E-03,-3.1455716E+00,+1.4521043E+00
-22.5000E-03,-1.4875942E+00,+3.9046796E+00
-22.0000E-03,-3.1405464E+00,+1.0303078E+00
-21.5000E-03,-2.6433731E+00,+3.8996545E+00
-21.0000E-03,-3.1408605E+00,+2.4323178E+00
-20.5000E-03,-3.1606470E+00,+3.8993404E+00
-20.0000E-03,-3.1455716E+00,+3.7338253E+00
-19.5000E-03,-3.1556218E+00,+3.1556218E+00
-19.0000E-03,-2.6430590E+00,+3.9144158E+00
-18.5000E-03,-3.1505967E+00,+2.2762248E+00
-18.0000E-03,-1.4119033E+00,+3.1505967E+00
-17.5000E-03,-3.1505967E+00,-3.1556218E+00
-17.0000E-03,-1.5529208E+00,-1.6986495E+00
-16.5000E-03,-3.1455716E+00,-3.1455716E+00
-16.0000E-03,-2.7489007E+00,-2.8494032E+00
-15.5000E-03,-3.1408605E+00,-3.1458856E+00
-15.0000E-03,-3.1556218E+00,-3.1656721E+00
-14.5000E-03,-3.1455716E+00,-3.1455716E+00
-14.0000E-03,-3.1556218E+00,-3.1606470E+00
-13.5000E-03,-2.4269786E+00,-2.5475816E+00
-13.0000E-03,-3.1505967E+00,-3.1556218E+00
-12.5000E-03,-1.3318153E+00,-1.4725188E+00
-12.0000E-03,-3.1455716E+00,-3.1505967E+00
-11.5000E-03,-1.8192525E+00,-1.9549309E+00
-11.0000E-03,-3.1405464E+00,-3.1455716E+00
-10.5000E-03,-2.9448806E+00,-3.0102073E+00
-10.0000E-03,-3.1408605E+00,-3.1455716E+00
-9.5000E-03,-3.1556218E+00,-3.1606470E+00
-9.0000E-03,-3.1254711E+00,-3.1405464E+00
-8.5000E-03,-3.1505967E+00,-3.1556218E+00
-8.0000E-03,-2.1656721E+00,-2.2913002E+00
-7.5000E-03,-3.1505967E+00,-3.1556218E+00
-7.0000E-03,-1.2363379E+00,-1.3921168E+00
-6.5000E-03,-3.1455716E+00,-3.1505967E+00
-6.0000E-03,-2.0705088E+00,-2.2011620E+00
-5.5000E-03,-3.1405464E+00,-3.1455716E+00
-5.0000E-03,-3.0755339E+00,-3.1157349E+00
-4.5000E-03,-3.1405464E+00,-3.1455716E+00
-4.0000E-03,-3.1556218E+00,-3.1606470E+00
-3.5000E-03,-3.0450691E+00,-3.0852701E+00
-3.0000E-03,-3.1505967E+00,-3.1556218E+00
-2.5000E-03,-1.8943153E+00,-2.0299937E+00
-2.0000E-03,-3.1455716E+00,-3.1556218E+00
-1.5000E-03,-1.2815641E+00,-1.4423681E+00
-1.0000E-03,-3.1455716E+00,-3.1505967E+00
-500.0E-06,-2.3117148E+00,-2.4373429E+00
+0.0E+00,+1.9448806E+00,-3.1458856E+00
+500.0E-06,+4.0048680E+00,-3.1509108E+00
+1.0000E-03,+3.4021670E+00,-3.1505967E+00
+1.5000E-03,+3.4219535E+00,-3.1606470E+00
+2.0000E-03,+4.0149183E+00,-3.0299937E+00
+2.5000E-03,+2.5023555E+00,-3.1556218E+00
+3.0000E-03,+4.0098932E+00,-1.9395414E+00
+3.5000E-03,+1.6380339E+00,-3.1556218E+00
+4.0000E-03,+3.9951319E+00,-1.4524183E+00
+4.5000E-03,+864.4786E-03,-3.1505967E+00
+5.0000E-03,+4.0001570E+00,-2.4122173E+00
+5.5000E-03,+1.8795540E+00,-3.1458856E+00
+6.0000E-03,+3.9998429E+00,-3.1458856E+00
+6.5000E-03,+3.3619660E+00,-3.1505967E+00
+7.0000E-03,+3.4420540E+00,-3.1606470E+00
+7.5000E-03,+4.0149183E+00,-3.0350188E+00
+8.0000E-03,+2.5073806E+00,-3.1556218E+00
+8.5000E-03,+4.0098932E+00,-1.9495917E+00
+9.0000E-03,+1.6430590E+00,-3.1505967E+00
+9.5000E-03,+3.9951319E+00,-1.4423681E+00
+10.0000E-03,+869.5038E-03,-3.1455716E+00
+10.5000E-03,+4.0001570E+00,-2.3921168E+00
+11.0000E-03,+1.8494032E+00,-3.1455716E+00
+11.5000E-03,+3.9998429E+00,-3.1458856E+00
+12.0000E-03,+3.3318153E+00,-3.1505967E+00
+12.5000E-03,+3.4671796E+00,-3.1606470E+00
+13.0000E-03,+4.0102072E+00,-3.0450691E+00
+13.5000E-03,+2.5224560E+00,-3.1556218E+00
+14.0000E-03,+4.0098932E+00,-1.9646671E+00
+14.5000E-03,+1.6581344E+00,-3.1556218E+00
+15.0000E-03,+3.9951319E+00,-1.4272927E+00
+15.5000E-03,+879.5540E-03,-3.1505967E+00
+16.0000E-03,+4.0001570E+00,-2.3669912E+00
+16.5000E-03,+1.8242776E+00,-3.1455716E+00
+17.0000E-03,+4.0048680E+00,-3.1408605E+00
+17.5000E-03,+3.3117148E+00,-3.1455716E+00
+18.0000E-03,+3.4822550E+00,-3.1606470E+00
+18.5000E-03,+4.0149183E+00,-3.0500942E+00
+19.0000E-03,+2.5375314E+00,-3.1556218E+00
+19.5000E-03,+4.0048680E+00,-1.9897927E+00
+20.0000E-03,+1.6732098E+00,-3.1505967E+00
+20.5000E-03,+3.9951319E+00,-1.4172424E+00
+21.0000E-03,+884.5791E-03,-3.1505967E+00
+21.5000E-03,+4.0001570E+00,-2.3519158E+00
+22.0000E-03,+1.7941269E+00,-3.1455716E+00
+22.5000E-03,+3.9998429E+00,-3.1358354E+00
+23.0000E-03,+3.2765389E+00,-3.1505967E+00
+23.5000E-03,+3.5073806E+00,-3.1606470E+00
+24.0000E-03,+4.0149183E+00,-3.0651696E+00
+24.5000E-03,+2.5576319E+00,-3.1556218E+00
+25.0000E-03,+4.0098932E+00,-2.0149183E+00
+25.5000E-03,+1.6882852E+00,-3.1556218E+00
+26.0000E-03,+3.9951319E+00,-1.4122173E+00
+26.5000E-03,+894.6294E-03,-3.1505967E+00
+27.0000E-03,+4.0001570E+00,-2.3267902E+00
+27.5000E-03,+1.7589510E+00,-3.1408605E+00
+28.0000E-03,+3.9998429E+00,-3.1358354E+00
+28.5000E-03,+3.2514133E+00,-3.1455716E+00
+29.0000E-03,+3.5274811E+00,-3.1606470E+00
+29.5000E-03,+4.0102072E+00,-3.0701947E+00
+30.0000E-03,+2.5777324E+00,-3.1556218E+00
+30.5000E-03,+4.0098932E+00,-2.0350188E+00
+31.0000E-03,+1.7083857E+00,-3.1556218E+00
+31.5000E-03,+3.9951319E+00,-1.4021671E+00
+32.0000E-03,+904.6796E-03,-3.1505967E+00
+32.5000E-03,+4.0001570E+00,-2.3016645E+00
+33.0000E-03,+1.7288002E+00,-3.1458856E+00
+33.5000E-03,+3.9998429E+00,-3.1257851E+00
+34.0000E-03,+3.2112123E+00,-3.1505967E+00
+34.5000E-03,+3.5626570E+00,-3.1606470E+00
+35.0000E-03,+4.0102072E+00,-3.0852701E+00
+35.5000E-03,+2.6028580E+00,-3.1556218E+00
+36.0000E-03,+4.0098932E+00,-2.0701947E+00
+36.5000E-03,+1.7335113E+00,-3.1556218E+00
+37.0000E-03,+3.9901067E+00,-1.3921168E+00
+37.5000E-03,+924.7801E-03,-3.1505967E+00
+38.0000E-03,+4.0001570E+00,-2.2765389E+00
+38.5000E-03,+1.6885992E+00,-3.1458856E+00
+39.0000E-03,+3.9998429E+00,-3.1207600E+00
+39.5000E-03,+3.1911118E+00,-3.1505967E+00
+40.0000E-03,+3.5777324E+00,-3.1656721E+00
+40.5000E-03,+4.0102072E+00,-3.0902952E+00
+41.0000E-03,+2.6129083E+00,-3.1556218E+00
+41.5000E-03,+4.0048680E+00,-2.0852701E+00
+42.0000E-03,+1.7385364E+00,-3.1556218E+00
+42.5000E-03,+3.9951319E+00,-1.3921168E+00
+43.0000E-03,+929.8053E-03,-3.1505967E+00
+43.5000E-03,+4.0001570E+00,-2.2564384E+00
+44.0000E-03,+1.6684987E+00,-3.1458856E+00
+44.5000E-03,+3.9998429E+00,-3.1207600E+00
+45.0000E-03,+3.1710113E+00,-3.1505967E+00
+45.5000E-03,+3.5928078E+00,-3.1656721E+00
+46.0000E-03,+4.0102072E+00,-3.1003454E+00
+46.5000E-03,+2.6279836E+00,-3.1606470E+00
+47.0000E-03,+4.0098932E+00,-2.1053706E+00
+47.5000E-03,+1.7536118E+00,-3.1556218E+00
+48.0000E-03,+3.9951319E+00,-1.3870917E+00
+48.5000E-03,+944.8806E-03,-3.1505967E+00
+49.0000E-03,+4.0001570E+00,-2.2363379E+00
+49.5000E-03,+1.6333228E+00,-3.1455716E+00
+50.0000E-03,+3.9998429E+00,-3.1107098E+00
+50.5000E-03,+3.1358354E+00,-3.1455716E+00
+51.0000E-03,+3.6179334E+00,-3.1656721E+00
+51.5000E-03,+4.0102072E+00,-3.1053706E+00
+52.0000E-03,+2.6480841E+00,-3.1556218E+00
+52.5000E-03,+4.0048680E+00,-2.1304962E+00
+53.0000E-03,+1.7737123E+00,-3.1556218E+00
+53.5000E-03,+3.9901067E+00,-1.3870917E+00
+54.0000E-03,+959.9560E-03,-3.1505967E+00
+54.5000E-03,+4.0001570E+00,-2.2212625E+00
+55.0000E-03,+1.6081972E+00,-3.1455716E+00
+55.5000E-03,+3.9948178E+00,-3.1056846E+00
+56.0000E-03,+3.1157349E+00,-3.1505967E+00
+56.5000E-03,+3.6330088E+00,-3.1656721E+00
+57.0000E-03,+4.0102072E+00,-3.1154208E+00
+57.5000E-03,+2.6631595E+00,-3.1606470E+00
+58.0000E-03,+4.0098932E+00,-2.1556218E+00
+58.5000E-03,+1.7887877E+00,-3.1556218E+00
+59.0000E-03,+3.9901067E+00,-1.3820666E+00
+59.5000E-03,+975.0314E-03,-3.1505967E+00
+60.0000E-03,+4.0001570E+00,-2.1961369E+00
+60.5000E-03,+1.5730213E+00,-3.1455716E+00
+61.0000E-03,+3.9998429E+00,-3.0956344E+00
+61.5000E-03,+3.0906093E+00,-3.1505967E+00
+62.0000E-03,+3.6480841E+00,-3.1656721E+00
+62.5000E-03,+4.0102072E+00,-3.1154208E+00
+63.0000E-03,+2.6782349E+00,-3.1606470E+00
+63.5000E-03,+4.0048680E+00,-2.1757223E+00
+64.0000E-03,+1.8038630E+00,-3.1556218E+00
+64.5000E-03,+3.9951319E+00,-1.3820666E+00
+65.0000E-03,+990.1068E-03,-3.1505967E+00
+65.5000E-03,+3.9998429E+00,-2.1710113E+00
+66.0000E-03,+1.5478957E+00,-3.1455716E+00
+66.5000E-03,+3.9998429E+00,-3.0906093E+00
+67.0000E-03,+3.0554334E+00,-3.1505967E+00
+67.5000E-03,+3.6681846E+00,-3.1656721E+00
+68.0000E-03,+4.0051821E+00,-3.1254711E+00
+68.5000E-03,+2.7033605E+00,-3.1606470E+00
+69.0000E-03,+4.0098932E+00,-2.2058731E+00
+69.5000E-03,+1.8239635E+00,-3.1556218E+00
+70.0000E-03,+3.9901067E+00,-1.3820666E+00
+70.5000E-03,+1.0051822E+00,-3.1505967E+00
+71.0000E-03,+4.0001570E+00,-2.1509108E+00
+71.5000E-03,+1.5177450E+00,-3.1455716E+00
+72.0000E-03,+3.9998429E+00,-3.0805590E+00
+72.5000E-03,+3.0303078E+00,-3.1458856E+00
+73.0000E-03,+3.6882851E+00,-3.1656721E+00
+73.5000E-03,+4.0001570E+00,-3.1254711E+00
+74.0000E-03,+2.7184359E+00,-3.1606470E+00
+74.5000E-03,+4.0098932E+00,-2.2259736E+00
+75.0000E-03,+1.8390389E+00,-3.1556218E+00
+75.5000E-03,+3.9951319E+00,-1.3870917E+00
+76.0000E-03,+1.0202575E+00,-3.1556218E+00
+76.5000E-03,+3.9998429E+00,-2.1308103E+00
+77.0000E-03,+1.4825691E+00,-3.1455716E+00
+77.5000E-03,+3.9948178E+00,-3.0705088E+00
+78.0000E-03,+3.0051821E+00,-3.1505967E+00
+78.5000E-03,+3.7033605E+00,-3.1656721E+00
+79.0000E-03,+4.0001570E+00,-3.1355213E+00
+79.5000E-03,-3.1606470E+00,-3.1556218E+00
+80.0000E-03,-2.1053706E+00,-2.2309987E+00
+80.5000E-03,-3.1505967E+00,-3.1556218E+00
+81.0000E-03,-1.2413631E+00,-1.3921168E+00
+81.5000E-03,-3.1505967E+00,-3.1505967E+00
+82.0000E-03,-2.1257852E+00,-2.2514133E+00
+82.5000E-03,-3.1408605E+00,-3.1408605E+00
+83.0000E-03,-3.0956344E+00,-3.1257851E+00
+83.5000E-03,-3.1455716E+00,-3.1455716E+00
+84.0000E-03,-3.1606470E+00,-3.1606470E+00
+84.5000E-03,-3.0149183E+00,-3.0601444E+00
+85.0000E-03,-3.1556218E+00,-3.1556218E+00
+85.5000E-03,-1.8289887E+00,-1.9646671E+00
+86.0000E-03,-3.1505967E+00,-3.1556218E+00
+86.5000E-03,-1.3217651E+00,-1.4775440E+00
+87.0000E-03,-3.1455716E+00,-3.1505967E+00
+87.5000E-03,-2.3770414E+00,-2.4976444E+00
+88.0000E-03,-3.1408605E+00,-3.1455716E+00
+88.5000E-03,-3.1458856E+00,-3.1559359E+00
+89.0000E-03,-3.1455716E+00,-3.1455716E+00
+89.5000E-03,-3.1556218E+00,-3.1556218E+00
+90.0000E-03,-2.8340138E+00,-2.9144158E+00
+90.5000E-03,-3.1505967E+00,-3.1556218E+00
+91.0000E-03,-1.5676821E+00,-1.7134108E+00
+91.5000E-03,-3.1505967E+00,-3.1505967E+00
+92.0000E-03,-1.4071922E+00,-1.5579460E+00
+92.5000E-03,-3.1455716E+00,-3.1455716E+00
+93.0000E-03,-2.6182475E+00,-2.7288002E+00
+93.5000E-03,-3.1408605E+00,-3.1458856E+00
+94.0000E-03,-3.1606470E+00,-3.1606470E+00
+94.5000E-03,-3.1455716E+00,-3.1505967E+00
+95.0000E-03,-3.1556218E+00,-3.1606470E+00
+95.5000E-03,-2.5827575E+00,-2.6933103E+00
+96.0000E-03,-3.1505967E+00,-3.1556218E+00
+96.5000E-03,-1.4119033E+00,-1.5576319E+00
+97.0000E-03,-3.1505967E+00,-3.1505967E+00
+97.5000E-03,-1.6735239E+00,-1.8142274E+00
+98.0000E-03,-3.1405464E+00,-3.1455716E+00
+98.5000E-03,-2.8393530E+00,-2.9247801E+00
+99.0000E-03,-3.1408605E+00,-3.1455716E+00
+99.5000E-03,-3.1556218E+00,-3.1606470E+00
+100.0000E-03,-3.1405464E+00,-3.1455716E+00
+100.5000E-03,-3.1556218E+00,-3.1556218E+00
+101.0000E-03,-2.3063756E+00,-2.4269786E+00
+101.5000E-03,-3.1505967E+00,-3.1556218E+00
+102.0000E-03,-1.2715138E+00,-1.4172424E+00
+102.5000E-03,-3.1505967E+00,-3.1556218E+00
+103.0000E-03,-1.9298053E+00,-2.0604585E+00
+103.5000E-03,-3.1405464E+00,-3.1455716E+00
+104.0000E-03,-3.0102073E+00,-3.0654836E+00
+104.5000E-03,-3.1455716E+00,-3.1455716E+00
+105.0000E-03,-3.1606470E+00,-3.1606470E+00
+105.5000E-03,-3.1003454E+00,-3.1254711E+00
+106.0000E-03,-3.1556218E+00,-3.1556218E+00
+106.5000E-03,-2.0299937E+00,-2.1606470E+00
+107.0000E-03,-3.1505967E+00,-3.1556218E+00
+107.5000E-03,-1.2363379E+00,-1.3971419E+00
+108.0000E-03,-3.1455716E+00,-3.1505967E+00
+108.5000E-03,-2.1860867E+00,-2.3117148E+00
+109.0000E-03,-3.1408605E+00,-3.1455716E+00
+109.5000E-03,-3.1157349E+00,-3.1358354E+00
+110.0000E-03,-3.1455716E+00,-3.1505967E+00
+110.5000E-03,-3.1556218E+00,-3.1606470E+00
+111.0000E-03,-2.9747173E+00,-3.0350188E+00
+111.5000E-03,-3.1556218E+00,-3.1556218E+00
+112.0000E-03,-1.7636620E+00,-1.8993404E+00
+112.5000E-03,-3.1505967E+00,-3.1556218E+00
+113.0000E-03,-1.3368404E+00,-1.5026696E+00
+113.5000E-03,-3.1455716E+00,-3.1505967E+00
+114.0000E-03,-2.3318153E+00,-2.4524183E+00
+114.5000E-03,-3.1408605E+00,-3.1458856E+00
+115.0000E-03,,
+115.5000E-03,,
+116.0000E-03,,
+116.5000E-03,,
+117.0000E-03,,
+117.5000E-03,,
+118.0000E-03,,
+118.5000E-03,,
+119.0000E-03,,
+119.5000E-03,,
+120.0000E-03,,
+120.5000E-03,,
+121.0000E-03,,
+121.5000E-03,,
+122.0000E-03,,
+122.5000E-03,,
+123.0000E-03,,
+123.5000E-03,,
+124.0000E-03,,
+124.5000E-03,,
+125.0000E-03,,
+125.5000E-03,,
+126.0000E-03,,
+126.5000E-03,,
+127.0000E-03,,
+127.5000E-03,,
+128.0000E-03,,
+128.5000E-03,,
+129.0000E-03,,
+129.5000E-03,,
+130.0000E-03,,
+130.5000E-03,,
+131.0000E-03,,
+131.5000E-03,,
+132.0000E-03,,
+132.5000E-03,,
+133.0000E-03,,
+133.5000E-03,,
+134.0000E-03,,
+134.5000E-03,,
+135.0000E-03,,
+135.5000E-03,,
+136.0000E-03,,
+136.5000E-03,,
+137.0000E-03,,
+137.5000E-03,,
+138.0000E-03,,
+138.5000E-03,,
+139.0000E-03,,
+139.5000E-03,,
+140.0000E-03,,
+140.5000E-03,,
+141.0000E-03,,
+141.5000E-03,,
+142.0000E-03,,
+142.5000E-03,,
+143.0000E-03,,
+143.5000E-03,,
+144.0000E-03,,
+144.5000E-03,,
+145.0000E-03,,
+145.5000E-03,,
+146.0000E-03,,
+146.5000E-03,,
+147.0000E-03,,
+147.5000E-03,,
+148.0000E-03,,
+148.5000E-03,,
+149.0000E-03,,
+149.5000E-03,,
+150.0000E-03,,
+150.5000E-03,,
+151.0000E-03,,
+151.5000E-03,,
+152.0000E-03,,
+152.5000E-03,,
+153.0000E-03,,
+153.5000E-03,,
+154.0000E-03,,
+154.5000E-03,,
+155.0000E-03,,
+155.5000E-03,,
+156.0000E-03,,
+156.5000E-03,,
+157.0000E-03,,
+157.5000E-03,,
+158.0000E-03,,
+158.5000E-03,,
+159.0000E-03,,
+159.5000E-03,,
+160.0000E-03,,
+160.5000E-03,,
+161.0000E-03,,
+161.5000E-03,,
+162.0000E-03,,
+162.5000E-03,,
+163.0000E-03,,
+163.5000E-03,,
+164.0000E-03,,
+164.5000E-03,,
+165.0000E-03,,
+165.5000E-03,,
+166.0000E-03,,
+166.5000E-03,,
+167.0000E-03,,
+167.5000E-03,,
+168.0000E-03,,
+168.5000E-03,,
+169.0000E-03,,
+169.5000E-03,,
+170.0000E-03,,
+170.5000E-03,,
+171.0000E-03,,
+171.5000E-03,,
+172.0000E-03,,
+172.5000E-03,,
+173.0000E-03,,
+173.5000E-03,,
+174.0000E-03,,
+174.5000E-03,,
+175.0000E-03,,
+175.5000E-03,,
+176.0000E-03,,
+176.5000E-03,,
+177.0000E-03,,
+177.5000E-03,,
+178.0000E-03,,
+178.5000E-03,,
+179.0000E-03,,
+179.5000E-03,,
+180.0000E-03,,
+180.5000E-03,,
+181.0000E-03,,
+181.5000E-03,,
+182.0000E-03,,
+182.5000E-03,,
+183.0000E-03,,
+183.5000E-03,,
+184.0000E-03,,
+184.5000E-03,,
+185.0000E-03,,
+185.5000E-03,,
+186.0000E-03,,
+186.5000E-03,,
+187.0000E-03,,
+187.5000E-03,,
+188.0000E-03,,
+188.5000E-03,,
+189.0000E-03,,
+189.5000E-03,,
+190.0000E-03,,
+190.5000E-03,,
+191.0000E-03,,
+191.5000E-03,,
+192.0000E-03,,
+192.5000E-03,,
+193.0000E-03,,
+193.5000E-03,,
+194.0000E-03,,
+194.5000E-03,,
+195.0000E-03,,
+195.5000E-03,,
+196.0000E-03,,
+196.5000E-03,,
+197.0000E-03,,
+197.5000E-03,,
+198.0000E-03,,
+198.5000E-03,,
+199.0000E-03,,
+199.5000E-03,,
+200.0000E-03,,
+200.5000E-03,,
+201.0000E-03,,
+201.5000E-03,,
+202.0000E-03,,
+202.5000E-03,,
+203.0000E-03,,
+203.5000E-03,,
+204.0000E-03,,
+204.5000E-03,,
+205.0000E-03,,
+205.5000E-03,,
+206.0000E-03,,
+206.5000E-03,,
+207.0000E-03,,
+207.5000E-03,,
+208.0000E-03,,
+208.5000E-03,,
+209.0000E-03,,
+209.5000E-03,,
+210.0000E-03,,
+210.5000E-03,,
+211.0000E-03,,
+211.5000E-03,,
+212.0000E-03,,
+212.5000E-03,,
+213.0000E-03,,
+213.5000E-03,,
+214.0000E-03,,
+214.5000E-03,,
+215.0000E-03,,
+215.5000E-03,,
+216.0000E-03,,
+216.5000E-03,,
+217.0000E-03,,
+217.5000E-03,,
+218.0000E-03,,
+218.5000E-03,,
+219.0000E-03,,
+219.5000E-03,,
+220.0000E-03,,
+220.5000E-03,,
+221.0000E-03,,
+221.5000E-03,,
+222.0000E-03,,
+222.5000E-03,,
+223.0000E-03,,
+223.5000E-03,,
+224.0000E-03,,
+224.5000E-03,,
+225.0000E-03,,
+225.5000E-03,,
+226.0000E-03,,
+226.5000E-03,,
+227.0000E-03,,
+227.5000E-03,,
+228.0000E-03,,
+228.5000E-03,,
+229.0000E-03,,
+229.5000E-03,,
+230.0000E-03,,
+230.5000E-03,,
+231.0000E-03,,
+231.5000E-03,,
+232.0000E-03,,
+232.5000E-03,,
+233.0000E-03,,
+233.5000E-03,,
+234.0000E-03,,
+234.5000E-03,,
+235.0000E-03,,
+235.5000E-03,,
+236.0000E-03,,
+236.5000E-03,,
+237.0000E-03,,
+237.5000E-03,,
+238.0000E-03,,
+238.5000E-03,,
+239.0000E-03,,
+239.5000E-03,,
+240.0000E-03,,
+240.5000E-03,,
+241.0000E-03,,
+241.5000E-03,,
+242.0000E-03,,
+242.5000E-03,,
+243.0000E-03,,
+243.5000E-03,,
+244.0000E-03,,
+244.5000E-03,,
+245.0000E-03,,
+245.5000E-03,,
+246.0000E-03,,
+246.5000E-03,,
+247.0000E-03,,
+247.5000E-03,,
+248.0000E-03,,
+248.5000E-03,,
+249.0000E-03,,
+249.5000E-03,,
+250.0000E-03,,
+250.5000E-03,,
+251.0000E-03,,
+251.5000E-03,,
+252.0000E-03,,
+252.5000E-03,,
+253.0000E-03,,
+253.5000E-03,,
+254.0000E-03,,
+254.5000E-03,,
+255.0000E-03,,
+255.5000E-03,,
+256.0000E-03,,
+256.5000E-03,,
+257.0000E-03,,
+257.5000E-03,,
+258.0000E-03,,
+258.5000E-03,,
+259.0000E-03,,
+259.5000E-03,,
+260.0000E-03,,
+260.5000E-03,,
+261.0000E-03,,
+261.5000E-03,,
+262.0000E-03,,
+262.5000E-03,,
+263.0000E-03,,
+263.5000E-03,,
+264.0000E-03,,
+264.5000E-03,,
+265.0000E-03,,
+265.5000E-03,,
+266.0000E-03,,
+266.5000E-03,,
+267.0000E-03,,
+267.5000E-03,,
+268.0000E-03,,
+268.5000E-03,,
+269.0000E-03,,
+269.5000E-03,,
+270.0000E-03,,
+270.5000E-03,,
+271.0000E-03,,
+271.5000E-03,,
+272.0000E-03,,
+272.5000E-03,,
+273.0000E-03,,
+273.5000E-03,,
+274.0000E-03,,
+274.5000E-03,,
+275.0000E-03,,
+275.5000E-03,,
+276.0000E-03,,
+276.5000E-03,,
+277.0000E-03,,
+277.5000E-03,,
+278.0000E-03,,
+278.5000E-03,,
+279.0000E-03,,
+279.5000E-03,,
+280.0000E-03,,
+280.5000E-03,,
+281.0000E-03,,
+281.5000E-03,,
+282.0000E-03,,
+282.5000E-03,,
+283.0000E-03,,
+283.5000E-03,,
+284.0000E-03,,
+284.5000E-03,,
+285.0000E-03,,
+285.5000E-03,,
+286.0000E-03,,
+286.5000E-03,,
+287.0000E-03,,
+287.5000E-03,,
+288.0000E-03,,
+288.5000E-03,,
+289.0000E-03,,
+289.5000E-03,,
+290.0000E-03,,
+290.5000E-03,,
+291.0000E-03,,
+291.5000E-03,,
+292.0000E-03,,
+292.5000E-03,,
+293.0000E-03,,
+293.5000E-03,,
+294.0000E-03,,
+294.5000E-03,,
+295.0000E-03,,
+295.5000E-03,,
+296.0000E-03,,
+296.5000E-03,,
+297.0000E-03,,
+297.5000E-03,,
+298.0000E-03,,
+298.5000E-03,,
+299.0000E-03,,
+299.5000E-03,,
+300.0000E-03,,
+300.5000E-03,,
+301.0000E-03,,
+301.5000E-03,,
+302.0000E-03,,
+302.5000E-03,,
+303.0000E-03,,
+303.5000E-03,,
+304.0000E-03,,
+304.5000E-03,,
+305.0000E-03,,
+305.5000E-03,,
+306.0000E-03,,
+306.5000E-03,,
+307.0000E-03,,
+307.5000E-03,,
+308.0000E-03,,
+308.5000E-03,,
+309.0000E-03,,
+309.5000E-03,,
+310.0000E-03,,
+310.5000E-03,,
+311.0000E-03,,
+311.5000E-03,,
+312.0000E-03,,
+312.5000E-03,,
+313.0000E-03,,
+313.5000E-03,,
+314.0000E-03,,
+314.5000E-03,,
+315.0000E-03,,
+315.5000E-03,,
+316.0000E-03,,
+316.5000E-03,,
+317.0000E-03,,
+317.5000E-03,,
+318.0000E-03,,
+318.5000E-03,,
+319.0000E-03,,
+319.5000E-03,,
+320.0000E-03,,
+320.5000E-03,,
+321.0000E-03,,
+321.5000E-03,,
+322.0000E-03,,
+322.5000E-03,,
+323.0000E-03,,
+323.5000E-03,,
+324.0000E-03,,
+324.5000E-03,,
+325.0000E-03,,
+325.5000E-03,,
+326.0000E-03,,
+326.5000E-03,,
+327.0000E-03,,
+327.5000E-03,,
+328.0000E-03,,
+328.5000E-03,,
+329.0000E-03,,
+329.5000E-03,,
+330.0000E-03,,
+330.5000E-03,,
+331.0000E-03,,
+331.5000E-03,,
+332.0000E-03,,
+332.5000E-03,,
+333.0000E-03,,
+333.5000E-03,,
+334.0000E-03,,
+334.5000E-03,,
+335.0000E-03,,
+335.5000E-03,,
+336.0000E-03,,
+336.5000E-03,,
+337.0000E-03,,
+337.5000E-03,,
+338.0000E-03,,
+338.5000E-03,,
+339.0000E-03,,
+339.5000E-03,,
+340.0000E-03,,
+340.5000E-03,,
+341.0000E-03,,
+341.5000E-03,,
+342.0000E-03,,
+342.5000E-03,,
+343.0000E-03,,
+343.5000E-03,,
+344.0000E-03,,
+344.5000E-03,,
+345.0000E-03,,
+345.5000E-03,,
+346.0000E-03,,
+346.5000E-03,,
+347.0000E-03,,
+347.5000E-03,,
+348.0000E-03,,
+348.5000E-03,,
+349.0000E-03,,
+349.5000E-03,,
+350.0000E-03,,
+350.5000E-03,,
+351.0000E-03,,
+351.5000E-03,,
+352.0000E-03,,
+352.5000E-03,,
+353.0000E-03,,
+353.5000E-03,,
+354.0000E-03,,
+354.5000E-03,,
+355.0000E-03,,
+355.5000E-03,,
+356.0000E-03,,
+356.5000E-03,,
+357.0000E-03,,
+357.5000E-03,,
+358.0000E-03,,
+358.5000E-03,,
+359.0000E-03,,
+359.5000E-03,,
+360.0000E-03,,
+360.5000E-03,,
+361.0000E-03,,
+361.5000E-03,,
+362.0000E-03,,
+362.5000E-03,,
+363.0000E-03,,
+363.5000E-03,,
+364.0000E-03,,
+364.5000E-03,,
+365.0000E-03,,
+365.5000E-03,,
+366.0000E-03,,
+366.5000E-03,,
+367.0000E-03,,
+367.5000E-03,,
+368.0000E-03,,
+368.5000E-03,,
+369.0000E-03,,
+369.5000E-03,,
+370.0000E-03,,
+370.5000E-03,,
+371.0000E-03,,
+371.5000E-03,,
+372.0000E-03,,
+372.5000E-03,,
+373.0000E-03,,
+373.5000E-03,,
+374.0000E-03,,
+374.5000E-03,,
+375.0000E-03,,
+375.5000E-03,,
+376.0000E-03,,
+376.5000E-03,,
+377.0000E-03,,
+377.5000E-03,,
+378.0000E-03,,
+378.5000E-03,,
+379.0000E-03,,
+379.5000E-03,,
+380.0000E-03,,
+380.5000E-03,,
+381.0000E-03,,
+381.5000E-03,,
+382.0000E-03,,
+382.5000E-03,,
+383.0000E-03,,
+383.5000E-03,,
+384.0000E-03,,
+384.5000E-03,,
+385.0000E-03,,
+385.5000E-03,,
+386.0000E-03,,
+386.5000E-03,,
+387.0000E-03,,
+387.5000E-03,,
+388.0000E-03,,
+388.5000E-03,,
+389.0000E-03,,
+389.5000E-03,,
+390.0000E-03,,
+390.5000E-03,,
+391.0000E-03,,
+391.5000E-03,,
+392.0000E-03,,
+392.5000E-03,,
+393.0000E-03,,
+393.5000E-03,,
+394.0000E-03,,
+394.5000E-03,,
+395.0000E-03,,
+395.5000E-03,,
+396.0000E-03,,
+396.5000E-03,,
+397.0000E-03,,
+397.5000E-03,,
+398.0000E-03,,
+398.5000E-03,,
+399.0000E-03,,
+399.5000E-03,,
+400.0000E-03,,
+400.5000E-03,,
+401.0000E-03,,
+401.5000E-03,,
+402.0000E-03,,
+402.5000E-03,,
+403.0000E-03,,
+403.5000E-03,,
+404.0000E-03,,
+404.5000E-03,,
+405.0000E-03,,
+405.5000E-03,,
+406.0000E-03,,
+406.5000E-03,,
+407.0000E-03,,
+407.5000E-03,,
+408.0000E-03,,
+408.5000E-03,,
+409.0000E-03,,
+409.5000E-03,,
+410.0000E-03,,
+410.5000E-03,,
+411.0000E-03,,
+411.5000E-03,,
+412.0000E-03,,
+412.5000E-03,,
+413.0000E-03,,
+413.5000E-03,,
+414.0000E-03,,
+414.5000E-03,,
+415.0000E-03,,
+415.5000E-03,,
+416.0000E-03,,
+416.5000E-03,,
+417.0000E-03,,
+417.5000E-03,,
+418.0000E-03,,
+418.5000E-03,,
+419.0000E-03,,
+419.5000E-03,,
+420.0000E-03,,
+420.5000E-03,,
+421.0000E-03,,
+421.5000E-03,,
+422.0000E-03,,
+422.5000E-03,,
+423.0000E-03,,
+423.5000E-03,,
+424.0000E-03,,
+424.5000E-03,,
+425.0000E-03,,
+425.5000E-03,,
+426.0000E-03,,
+426.5000E-03,,
+427.0000E-03,,
+427.5000E-03,,
+428.0000E-03,,
+428.5000E-03,,
+429.0000E-03,,
+429.5000E-03,,
+430.0000E-03,,
+430.5000E-03,,
+431.0000E-03,,
+431.5000E-03,,
+432.0000E-03,,
+432.5000E-03,,
+433.0000E-03,,
+433.5000E-03,,
+434.0000E-03,,
+434.5000E-03,,
+435.0000E-03,,
+435.5000E-03,,
+436.0000E-03,,
+436.5000E-03,,
+437.0000E-03,,
+437.5000E-03,,
+438.0000E-03,,
+438.5000E-03,,
+439.0000E-03,,
+439.5000E-03,,
+440.0000E-03,,
+440.5000E-03,,
+441.0000E-03,,
+441.5000E-03,,
+442.0000E-03,,
+442.5000E-03,,
+443.0000E-03,,
+443.5000E-03,,
+444.0000E-03,,
+444.5000E-03,,
+445.0000E-03,,
+445.5000E-03,,
+446.0000E-03,,
+446.5000E-03,,
+447.0000E-03,,
+447.5000E-03,,
+448.0000E-03,,
+448.5000E-03,,
+449.0000E-03,,
+449.5000E-03,,
+450.0000E-03,,
+450.5000E-03,,
+451.0000E-03,,
+451.5000E-03,,
+452.0000E-03,,
+452.5000E-03,,
+453.0000E-03,,
+453.5000E-03,,
+454.0000E-03,,
+454.5000E-03,,
+455.0000E-03,,
+455.5000E-03,,
+456.0000E-03,,
+456.5000E-03,,
+457.0000E-03,,
+457.5000E-03,,
+458.0000E-03,,
+458.5000E-03,,
+459.0000E-03,,
+459.5000E-03,,
+460.0000E-03,,
+460.5000E-03,,
+461.0000E-03,,
+461.5000E-03,,
+462.0000E-03,,
+462.5000E-03,,
+463.0000E-03,,
+463.5000E-03,,
+464.0000E-03,,
+464.5000E-03,,
+465.0000E-03,,
+465.5000E-03,,
+466.0000E-03,,
+466.5000E-03,,
+467.0000E-03,,
+467.5000E-03,,
+468.0000E-03,,
+468.5000E-03,,
+469.0000E-03,,
+469.5000E-03,,
+470.0000E-03,,
+470.5000E-03,,
+471.0000E-03,,
+471.5000E-03,,
+472.0000E-03,,
+472.5000E-03,,
+473.0000E-03,,
+473.5000E-03,,
+474.0000E-03,,
+474.5000E-03,,
+475.0000E-03,,
+475.5000E-03,,
+476.0000E-03,,
+476.5000E-03,,
+477.0000E-03,,
+477.5000E-03,,
+478.0000E-03,,
+478.5000E-03,,
+479.0000E-03,,
+479.5000E-03,,
+480.0000E-03,,
+480.5000E-03,,
+481.0000E-03,,
+481.5000E-03,,
+482.0000E-03,,
+482.5000E-03,,
+483.0000E-03,,
+483.5000E-03,,
+484.0000E-03,,
+484.5000E-03,,
+485.0000E-03,,
+485.5000E-03,,
+486.0000E-03,,
+486.5000E-03,,
+487.0000E-03,,
+487.5000E-03,,
+488.0000E-03,,
+488.5000E-03,,
+489.0000E-03,,
+489.5000E-03,,
+490.0000E-03,,
+490.5000E-03,,
+491.0000E-03,,
+491.5000E-03,,
+492.0000E-03,,
+492.5000E-03,,
+493.0000E-03,,
+493.5000E-03,,
+494.0000E-03,,
+494.5000E-03,,
+495.0000E-03,,
+495.5000E-03,,
+496.0000E-03,,
+496.5000E-03,,
+497.0000E-03,,
+497.5000E-03,,
+498.0000E-03,,
+498.5000E-03,,
+499.0000E-03,,
+499.5000E-03,,
